id;main;regenTijd;banden;typeEvent;typeTijd;toespoor;toeTijd;camber;camberTijd;bandendruk;bandendruktijd;hoogte;hoogteTijd;totaalTijd
1;Rain;0.73;C17 wet;SkidPad;5.34;1003;0.28;-0.2;0.16;0.7;0.08;20;0.2;6.79
2;Rain;0.9;C17 wet;SkidPad;5.04;1004;0.34;-0.8;0.07;0.7;0.05;28;0.18;6.58
3;Rain;0.71;C17 wet;Acceleratie;2.28;1005;0.19;-0.9;0.11;0.8;0.01;38;0.05;3.35
4;Clear;0.31;C17 slick;SkidPad;5.37;1003;0.3;-0.7;0.03;0.7;0.03;37;0.2;6.24
5;Rain;0.8;C17 wet;Acceleratie;2.14;995;0.14;-0.5;0.05;0.7;0.02;21;0.11;3.26
6;Rain;0.8;C17 wet;SkidPad;5.07;1002;0.37;-0.5;0.16;0.7;0.02;34;0.02;6.44
7;Rain;1;C17 wet;SkidPad;5.48;996;0.03;-0.8;0.05;0.7;0.03;27;0.11;6.7
8;Rain;0.63;C17 wet;Acceleratie;2.02;1003;0.11;-0.9;0.17;0.6;0.18;37;0.04;3.15
9;Rain;0.54;C17 wet;SkidPad;5.37;996;0.02;-0.7;0.07;0.6;0.02;38;0.03;6.05
10;Clear;0.36;C17 slick;Acceleratie;2.08;1000;0.05;-0.3;0.09;0.7;0.02;29;0.07;2.67
11;Clear;0.45;C17 slick;Acceleratie;2.15;1002;0.09;-0.1;0.04;0.6;0.17;37;0.15;3.05
12;Rain;0.72;C17 wet;Acceleratie;2.28;997;0.14;-0.1;0.01;0.8;0.06;35;0.03;3.24
13;Clear;0.15;C17 slick;SkidPad;5.13;999;0.27;-0.4;0.12;0.6;0.08;29;0.01;5.76
14;Rain;0.85;C17 wet;SkidPad;5.01;999;0.36;-0.6;0.05;0.8;0.12;30;0.18;6.57
15;Clear;0.27;C17 slick;Acceleratie;2.09;1005;0.18;-0;0;0.6;0.14;23;0.05;2.73
16;Clear;0.36;C17 slick;SkidPad;5.42;996;0.09;-0;0.11;0.7;0.04;32;0.15;6.17
17;Rain;0.99;C17 wet;SkidPad;5.46;1000;0.28;-0;0.2;0.6;0.04;29;0.18;7.15
18;Clear;0.16;C17 slick;Acceleratie;2.14;1002;0.04;-0.2;0.09;0.8;0.07;23;0.05;2.55
19;Clear;0.06;C17 slick;Acceleratie;2.07;995;0.2;-0.3;0.03;0.8;0.08;32;0.15;2.59
20;Rain;0.62;C17 wet;SkidPad;5.19;1003;0.34;-0.8;0.08;0.8;0.16;24;0.12;6.51
21;Clear;0.1;C17 slick;SkidPad;5.48;1002;0.24;-0.5;0.18;0.7;0.1;22;0.04;6.14
22;Rain;0.52;C17 wet;SkidPad;5.41;1005;0.21;-0.1;0.2;0.7;0.04;29;0.13;6.51
23;Clear;0.01;C17 slick;SkidPad;5.15;995;0.12;-0.9;0.06;0.8;0.17;33;0.14;5.65
24;Clear;0.41;C17 slick;SkidPad;5.1;999;0.28;-0.5;0.18;0.7;0.09;28;0.09;6.15
25;Rain;0.96;C17 wet;SkidPad;5.29;997;0;-0.1;0.17;0.8;0.17;23;0.14;6.73
26;Rain;0.84;C17 wet;SkidPad;5.19;1005;0.37;-0.7;0.06;0.7;0.06;29;0.17;6.69
27;Clear;0.14;C17 slick;SkidPad;5.37;1005;0.23;-1;0.03;0.7;0;33;0.15;5.92
28;Rain;0.71;C17 wet;Acceleratie;2.16;1003;0.17;-0.5;0.05;0.7;0.05;31;0.05;3.19
29;Rain;0.77;C17 wet;Acceleratie;2.06;1001;0.02;-0.9;0.1;0.8;0.04;34;0.05;3.04
30;Clear;0.45;C17 slick;SkidPad;5.11;1002;0.38;-0.5;0.12;0.7;0.06;23;0.09;6.21
31;Rain;0.78;C17 wet;SkidPad;5.1;1004;0.21;-0.6;0.09;0.7;0.05;39;0.07;6.3
32;Rain;0.84;C17 wet;SkidPad;5.14;1003;0.36;-0.3;0.12;0.6;0.06;35;0.05;6.57
33;Rain;0.58;C17 wet;SkidPad;5.26;1000;0.26;-0.3;0.14;0.7;0.01;30;0.16;6.41
34;Rain;0.76;C17 wet;SkidPad;5.38;1005;0.26;-0.3;0.16;0.7;0.03;24;0.1;6.69
35;Rain;0.57;C17 wet;Acceleratie;2.14;1001;0;-0.3;0;0.8;0.08;25;0.2;2.99
36;Clear;0.5;C17 slick;SkidPad;5.48;999;0.35;-0.7;0.07;0.8;0.18;40;0.19;6.77
37;Rain;0.57;C17 wet;SkidPad;5.07;1003;0.31;-0.2;0.14;0.6;0;34;0.05;6.14
38;Clear;0.46;C17 slick;SkidPad;5.33;1000;0.39;-0.8;0.05;0.7;0.03;36;0.15;6.41
39;Clear;0.42;C17 slick;Acceleratie;2.17;1000;0.08;-0.3;0.09;0.7;0.07;32;0.17;3
40;Clear;0.2;C17 slick;SkidPad;5.47;1004;0.39;-0.9;0.03;0.6;0.09;23;0.03;6.21
41;Clear;0.15;C17 slick;Acceleratie;2.2;1004;0.14;-0.5;0.07;0.7;0.1;24;0.03;2.69
42;Clear;0.1;C17 slick;SkidPad;5.1;999;0.29;-0.8;0.06;0.7;0.01;29;0.02;5.58
43;Rain;0.77;C17 wet;Acceleratie;2.3;1003;0.17;-0.1;0.08;0.6;0.16;22;0.12;3.6
44;Clear;0.34;C17 slick;SkidPad;5.19;1005;0.34;-0.9;0.08;0.7;0;30;0.07;6.02
45;Clear;0.08;C17 slick;Acceleratie;2.14;1005;0.19;-1;0.18;0.7;0.03;36;0.14;2.76
46;Rain;0.75;C17 wet;Acceleratie;2.18;998;0.09;-0.7;0.11;0.7;0.09;40;0.08;3.3
47;Rain;0.65;C17 wet;Acceleratie;2.09;995;0.18;-0.5;0.06;0.7;0.02;40;0.07;3.07
48;Rain;0.85;C17 wet;Acceleratie;2.2;1002;0.02;-0.7;0.19;0.8;0.05;35;0.07;3.38
49;Clear;0.2;C17 slick;Acceleratie;2.16;1000;0.05;-0.8;0.14;0.7;0.1;27;0.1;2.75
50;Clear;0.05;C17 slick;SkidPad;5.47;997;0.15;-0.9;0.03;0.6;0.03;29;0.09;5.82
51;Clear;0.34;C17 slick;SkidPad;5.47;1001;0.36;-0.9;0.06;0.8;0.19;25;0.09;6.51
52;Clear;0.2;C17 slick;Acceleratie;2.12;995;0.17;-0.6;0.12;0.6;0.2;40;0.11;2.92
53;Clear;0.09;C17 slick;SkidPad;5.46;1001;0.22;-0.3;0.12;0.7;0.03;26;0.01;5.93
54;Rain;0.94;C17 wet;Acceleratie;2.03;999;0.08;-0.1;0.02;0.8;0.1;24;0.11;3.28
55;Clear;0.46;C17 slick;SkidPad;5.17;1004;0.22;-0.9;0.05;0.7;0.06;30;0.06;6.02
56;Rain;0.72;C17 wet;Acceleratie;2.27;1000;0.05;-0.6;0.11;0.6;0.13;40;0.06;3.34
57;Rain;0.87;C17 wet;Acceleratie;2.19;1002;0.06;-0.6;0.15;0.7;0.07;24;0.13;3.47
58;Rain;0.83;C17 wet;SkidPad;5.28;1004;0.38;-1;0.06;0.8;0.19;30;0.16;6.9
59;Rain;0.97;C17 wet;SkidPad;5.4;999;0.28;-0.9;0.01;0.7;0.02;29;0.2;6.88
60;Clear;0.26;C17 slick;Acceleratie;2.07;995;0.18;-0.4;0.03;0.8;0.04;21;0.1;2.68
61;Rain;0.64;C17 wet;SkidPad;5.48;995;0.02;-0.2;0.13;0.7;0.01;25;0.13;6.41
62;Clear;0.04;C17 slick;SkidPad;5.36;1005;0.35;-0.3;0.13;0.7;0.03;35;0.11;6.02
63;Clear;0.19;C17 slick;Acceleratie;2.19;1002;0.06;-0.7;0.19;0.6;0.13;35;0.2;2.96
64;Rain;0.77;C17 wet;SkidPad;5.17;996;0.02;-0.1;0.16;0.7;0.04;25;0.19;6.35
65;Rain;0.55;C17 wet;Acceleratie;2.14;997;0.18;-0.6;0.15;0.6;0.2;26;0.19;3.41
66;Rain;0.64;C17 wet;SkidPad;5.08;999;0.35;-0.3;0.1;0.8;0.16;20;0.1;6.43
67;Clear;0.37;C17 slick;SkidPad;5.07;1000;0.37;-0.4;0.2;0.7;0.06;37;0.17;6.24
68;Clear;0.25;C17 slick;Acceleratie;2.18;1005;0.15;-0.7;0.12;0.7;0.09;22;0.07;2.86
69;Rain;1;C17 wet;SkidPad;5.06;1000;0.38;-0.4;0.17;0.6;0.1;31;0.07;6.78
70;Clear;0.08;C17 slick;SkidPad;5.4;1002;0.21;-0.8;0.05;0.7;0.08;28;0.02;5.84
71;Clear;0.25;C17 slick;SkidPad;5.24;997;0.16;-0.9;0.09;0.8;0.2;25;0.07;6.01
72;Rain;0.79;C17 wet;Acceleratie;2.22;999;0.02;-0.6;0.11;0.7;0.05;38;0.08;3.27
73;Rain;0.73;C17 wet;Acceleratie;2.28;1005;0.12;-0.7;0.15;0.6;0.17;25;0.19;3.64
74;Rain;0.86;C17 wet;Acceleratie;2.26;1001;0.03;-0.5;0.06;0.7;0.05;24;0.2;3.46
75;Rain;0.7;C17 wet;Acceleratie;2.15;1002;0.01;-0.9;0.2;0.7;0.07;23;0.11;3.24
76;Clear;0.07;C17 slick;SkidPad;5.23;999;0.35;-1;0.1;0.6;0.03;26;0.02;5.8
77;Rain;0.52;C17 wet;Acceleratie;2.2;1005;0.2;-0.3;0.05;0.7;0.07;38;0.07;3.11
78;Rain;0.98;C17 wet;Acceleratie;2.24;1003;0.16;-0.4;0.09;0.8;0.03;28;0.19;3.69
79;Clear;0.38;C17 slick;SkidPad;5.26;1003;0.26;-0.2;0.12;0.7;0.08;37;0.16;6.26
80;Clear;0.15;C17 slick;Acceleratie;2.29;1002;0.09;-0.8;0.17;0.7;0.05;20;0;2.75
81;Clear;0.47;C17 slick;SkidPad;5.01;1003;0.2;-0.4;0.13;0.8;0.19;22;0;6
82;Clear;0.16;C17 slick;SkidPad;5.2;997;0.11;-0.6;0;0.7;0.01;39;0.18;5.66
83;Clear;0.17;C17 slick;SkidPad;5.12;1003;0.23;-0.1;0.15;0.7;0.08;40;0.11;5.86
84;Clear;0.11;C17 slick;SkidPad;5.07;1002;0.36;-0.7;0.06;0.6;0.03;30;0.04;5.67
85;Rain;0.71;C17 wet;SkidPad;5.14;995;0.07;-0.3;0.12;0.7;0.05;34;0.08;6.17
86;Clear;0.36;C17 slick;Acceleratie;2.29;1005;0.15;-0;0.05;0.7;0.02;25;0.04;2.91
87;Rain;0.72;C17 wet;SkidPad;5.21;996;0.18;-0.3;0.14;0.6;0.05;24;0.17;6.47
88;Rain;0.86;C17 wet;Acceleratie;2.28;997;0.18;-0.5;0.05;0.7;0.04;33;0.09;3.5
89;Clear;0.5;C17 slick;SkidPad;5.16;1004;0.25;-0.5;0.13;0.7;0;38;0.17;6.21
90;Clear;0.03;C17 slick;Acceleratie;2.2;1004;0.17;-0.4;0;0.7;0.03;39;0.13;2.56
91;Rain;0.56;C17 wet;SkidPad;5.31;1000;0.3;-0.6;0.07;0.6;0.07;28;0.18;6.49
92;Rain;0.94;C17 wet;Acceleratie;2.2;1002;0.05;-0.8;0.15;0.7;0.03;34;0.1;3.47
93;Rain;0.66;C17 wet;SkidPad;5.28;995;0.01;-0.6;0.04;0.6;0.08;27;0.18;6.25
94;Clear;0.46;C17 slick;Acceleratie;2.22;995;0.19;-0.8;0.12;0.7;0.06;26;0.02;3.07
95;Clear;0.22;C17 slick;SkidPad;5.21;999;0.28;-0.2;0.14;0.6;0.07;32;0.16;6.08
96;Clear;0.03;C17 slick;SkidPad;5.07;1000;0.29;-0.3;0.19;0.7;0.07;29;0.05;5.7
97;Rain;0.89;C17 wet;SkidPad;5.19;1001;0.33;-0.3;0.17;0.7;0.01;29;0.11;6.7
98;Rain;0.51;C17 wet;Acceleratie;2.3;1003;0.16;-0.4;0.01;0.8;0.02;32;0.03;3.03
99;Rain;0.71;C17 wet;SkidPad;5.2;998;0.2;-0.9;0.06;0.7;0.09;40;0.08;6.34
100;Rain;0.84;C17 wet;Acceleratie;2.09;1003;0.14;-0.3;0.09;0.8;0.05;28;0.18;3.39
101;Rain;0.66;C17 wet;Acceleratie;2.27;1004;0.13;-0.6;0.11;0.8;0.02;21;0.17;3.36
102;Rain;0.61;C17 wet;SkidPad;5.44;1005;0.39;-0.8;0.02;0.7;0.1;38;0.03;6.59
103;Rain;0.92;C17 wet;SkidPad;5.42;997;0.09;-0.9;0.05;0.7;0.01;37;0.09;6.58
104;Clear;0.18;C17 slick;Acceleratie;2.28;999;0.04;-0.2;0;0.7;0.09;38;0.17;2.76
105;Clear;0.35;C17 slick;Acceleratie;2.17;1002;0;-0.8;0.1;0.6;0.19;22;0.07;2.88
106;Clear;0.47;C17 slick;SkidPad;5.45;1004;0.35;-0.6;0.04;0.6;0.06;24;0.07;6.44
107;Clear;0.32;C17 slick;SkidPad;5.37;995;0.11;-0.9;0.04;0.6;0.01;25;0.02;5.87
108;Clear;0.31;C17 slick;Acceleratie;2.25;998;0.01;-0.9;0.11;0.6;0.12;30;0.06;2.86
109;Rain;0.77;C17 wet;Acceleratie;2.07;1001;0.01;-1;0.18;0.6;0.13;26;0.13;3.29
110;Rain;0.67;C17 wet;SkidPad;5.13;1003;0.21;-0.5;0.16;0.7;0.06;24;0.18;6.41
111;Rain;0.57;C17 wet;SkidPad;5.3;1005;0.22;-1;0.1;0.7;0.05;22;0.14;6.38
112;Rain;0.68;C17 wet;Acceleratie;2.3;1003;0.16;-0.7;0.18;0.7;0.1;22;0.11;3.53
113;Clear;0.04;C17 slick;Acceleratie;2.13;1004;0.15;-0.1;0.09;0.8;0.1;33;0.18;2.69
114;Clear;0.44;C17 slick;SkidPad;5.13;1002;0.29;-0.5;0.18;0.7;0.08;38;0.12;6.24
115;Rain;0.64;C17 wet;SkidPad;5.2;998;0.36;-0.2;0.17;0.6;0.09;27;0.11;6.57
116;Rain;0.96;C17 wet;Acceleratie;2.06;1002;0.05;-0.9;0.15;0.6;0.15;35;0.06;3.43
117;Clear;0.43;C17 slick;Acceleratie;2;999;0.07;-0.3;0.1;0.7;0.08;29;0.1;2.78
118;Clear;0.03;C17 slick;Acceleratie;2.08;998;0.09;-0.8;0.14;0.8;0.02;32;0.15;2.51
119;Rain;0.99;C17 wet;Acceleratie;2.29;998;0.01;-0.5;0.08;0.6;0.17;28;0.15;3.69
120;Rain;0.56;C17 wet;Acceleratie;2.18;995;0.14;-0.9;0.18;0.6;0.12;34;0.01;3.19
121;Rain;0.66;C17 wet;SkidPad;5.47;1001;0.25;-0.5;0.13;0.8;0.19;28;0.17;6.87
122;Rain;0.83;C17 wet;SkidPad;5.12;995;0.07;-0.9;0.07;0.6;0.06;36;0.06;6.21
123;Rain;0.54;C17 wet;Acceleratie;2.26;1003;0.12;-0.7;0.11;0.7;0.01;26;0.12;3.16
124;Rain;0.99;C17 wet;SkidPad;5.06;1000;0.34;-0.3;0.13;0.7;0.1;26;0.15;6.77
125;Clear;0.19;C17 slick;Acceleratie;2;1002;0;-0.8;0.1;0.6;0.19;40;0.17;2.65
126;Rain;0.54;C17 wet;SkidPad;5.19;1001;0.27;-0.6;0.06;0.7;0.1;25;0.1;6.26
127;Rain;0.95;C17 wet;Acceleratie;2.21;1000;0.08;-0.4;0.08;0.8;0.1;21;0.12;3.54
128;Clear;0.09;C17 slick;Acceleratie;2.28;996;0.17;-0.5;0.03;0.7;0.04;34;0.2;2.81
129;Clear;0.31;C17 slick;SkidPad;5.01;999;0.23;-0.1;0.16;0.8;0.18;31;0.14;6.03
130;Rain;0.96;C17 wet;Acceleratie;2.07;999;0;-0;0.02;0.8;0.07;20;0.17;3.29
131;Clear;0.22;C17 slick;SkidPad;5.15;1005;0.39;-0.2;0.15;0.7;0.01;22;0.04;5.96
132;Clear;0.49;C17 slick;Acceleratie;2.2;1004;0.14;-0.8;0.1;0.7;0.08;21;0.01;3.02
133;Clear;0.46;C17 slick;Acceleratie;2.19;1005;0.19;-0.9;0.18;0.7;0.03;38;0.11;3.16
134;Rain;0.69;C17 wet;Acceleratie;2.18;998;0.07;-0.5;0.08;0.7;0.03;36;0.03;3.08
135;Rain;0.82;C17 wet;SkidPad;5.11;1003;0.25;-0.6;0.04;0.7;0.04;31;0.03;6.29
136;Clear;0.21;C17 slick;Acceleratie;2.06;1004;0.17;-0.3;0.07;0.7;0.03;40;0.13;2.67
137;Clear;0.23;C17 slick;Acceleratie;2.22;995;0.19;-0.9;0.17;0.8;0.02;23;0.06;2.89
138;Rain;0.55;C17 wet;SkidPad;5.18;998;0.24;-0.3;0.15;0.7;0.03;40;0.06;6.21
139;Clear;0.28;C17 slick;SkidPad;5.12;996;0.04;-0.2;0.18;0.8;0.18;29;0.08;5.88
140;Rain;0.8;C17 wet;Acceleratie;2.25;995;0.14;-0.6;0.19;0.6;0.13;38;0.03;3.54
141;Clear;0.37;C17 slick;Acceleratie;2.23;1004;0.18;-0.2;0.02;0.8;0.01;32;0.12;2.93
142;Rain;0.81;C17 wet;SkidPad;5.3;1002;0.24;-0.3;0.13;0.7;0.01;29;0.17;6.66
143;Clear;0.07;C17 slick;Acceleratie;2.23;997;0.11;-0.3;0.04;0.8;0.07;21;0.01;2.53
144;Rain;0.68;C17 wet;Acceleratie;2.11;1001;0.02;-1;0.19;0.6;0.13;21;0.12;3.25
145;Clear;0.37;C17 slick;Acceleratie;2.06;998;0.01;-0.8;0.14;0.8;0.02;38;0.11;2.71
146;Rain;0.56;C17 wet;Acceleratie;2.21;1005;0.19;-1;0.16;0.7;0.08;35;0.07;3.27
147;Rain;0.82;C17 wet;Acceleratie;2.21;998;0.09;-0.8;0.14;0.7;0.07;29;0.16;3.49
148;Rain;0.96;C17 wet;Acceleratie;2.22;999;0.04;-0.7;0.16;0.7;0.05;25;0.15;3.58
149;Clear;0.21;C17 slick;Acceleratie;2;998;0.07;-0.2;0.03;0.7;0.06;36;0.14;2.51
150;Clear;0.3;C17 slick;Acceleratie;2.01;998;0.07;-0;0.04;0.7;0.08;40;0.12;2.62
151;Clear;0.35;C17 slick;Acceleratie;2;999;0.04;-0.7;0.14;0.7;0;34;0.14;2.67
152;Clear;0.35;C17 slick;Acceleratie;2.05;1001;0.09;-0.3;0.01;0.8;0.09;32;0.17;2.76
153;Rain;0.78;C17 wet;SkidPad;5.22;999;0.25;-0.2;0.13;0.6;0.02;30;0.1;6.5
154;Clear;0.22;C17 slick;Acceleratie;2;1003;0.16;-0.6;0.18;0.7;0.01;20;0.06;2.63
155;Clear;0.42;C17 slick;Acceleratie;2.14;1005;0.15;-0.1;0.04;0.8;0.08;28;0.05;2.88
156;Clear;0.46;C17 slick;Acceleratie;2.07;1000;0;-0.1;0;0.7;0.05;23;0.06;2.64
157;Clear;0.25;C17 slick;Acceleratie;2.29;1001;0.05;-0.5;0.06;0.7;0.01;37;0.18;2.84
158;Clear;0.35;C17 slick;Acceleratie;2.02;999;0.07;-0.7;0.13;0.8;0.07;22;0.03;2.67
159;Rain;0.85;C17 wet;SkidPad;5.32;999;0.38;-1;0.01;0.7;0.09;22;0.14;6.79
160;Clear;0.36;C17 slick;Acceleratie;2.19;1001;0.04;-0.1;0.01;0.7;0.04;34;0.18;2.82
161;Clear;0.23;C17 slick;SkidPad;5.48;998;0.35;-0.1;0.18;0.7;0.09;28;0.08;6.41
162;Clear;0.11;C17 slick;SkidPad;5.26;996;0.16;-0.3;0.18;0.7;0.09;25;0.08;5.88
163;Clear;0.16;C17 slick;Acceleratie;2.25;1003;0.2;-0.4;0.02;0.7;0.01;23;0.07;2.71
164;Clear;0.42;C17 slick;SkidPad;5.36;1003;0.33;-0.3;0.11;0.8;0.11;26;0.06;6.39
165;Rain;0.55;C17 wet;SkidPad;5.5;1002;0.33;-0.2;0.16;0.7;0.01;30;0.19;6.74
166;Rain;0.57;C17 wet;Acceleratie;2.13;1003;0.11;-0.5;0.05;0.7;0.1;37;0.06;3.02
167;Rain;0.5;C17 wet;SkidPad;5.31;1001;0.29;-0.6;0.04;0.8;0.18;36;0.07;6.39
168;Clear;0.23;C17 slick;SkidPad;5.08;1000;0.25;-0.8;0.09;0.7;0.01;32;0.19;5.85
169;Rain;0.7;C17 wet;Acceleratie;2.09;1005;0.11;-0.5;0.04;0.7;0.04;37;0.1;3.08
170;Clear;0.32;C17 slick;SkidPad;5.39;996;0.05;-0.4;0.18;0.6;0.07;21;0.03;6.04
171;Clear;0.18;C17 slick;SkidPad;5.28;996;0.18;-0.4;0.15;0.8;0.15;27;0.07;6.01
172;Clear;0.45;C17 slick;Acceleratie;2.07;997;0.14;-0.6;0.11;0.6;0.18;23;0.08;3.03
173;Rain;0.98;C17 wet;Acceleratie;2.28;996;0.18;-0.9;0.19;0.7;0.02;23;0.19;3.84
174;Clear;0.11;C17 slick;Acceleratie;2.19;996;0.18;-0.6;0.1;0.8;0;32;0.15;2.73
175;Rain;0.76;C17 wet;Acceleratie;2.11;999;0;-0.1;0.02;0.7;0.02;40;0.02;2.93
176;Rain;0.61;C17 wet;SkidPad;5.25;999;0.31;-0.6;0.01;0.8;0.19;35;0.03;6.4
177;Clear;0.41;C17 slick;Acceleratie;2.25;995;0.17;-0.5;0.01;0.6;0.17;39;0.18;3.19
178;Rain;0.8;C17 wet;Acceleratie;2.03;1004;0.11;-0.2;0.07;0.8;0.05;40;0.06;3.12
179;Clear;0.25;C17 slick;Acceleratie;2.16;995;0.15;-0.1;0.08;0.7;0.04;30;0.04;2.72
180;Clear;0.49;C17 slick;SkidPad;5.33;1002;0.36;-0.5;0.17;0.7;0.06;35;0.19;6.6
181;Rain;0.87;C17 wet;SkidPad;5.2;997;0;-0.9;0.02;0.8;0.14;20;0.16;6.39
182;Clear;0.07;C17 slick;Acceleratie;2.03;1001;0;-0.7;0.15;0.8;0.05;28;0;2.3
183;Rain;0.95;C17 wet;Acceleratie;2.06;1005;0.15;-0.1;0.04;0.8;0.04;31;0.07;3.31
184;Rain;0.82;C17 wet;SkidPad;5.15;995;0.01;-0.1;0.2;0.8;0.14;29;0.11;6.43
185;Rain;0.56;C17 wet;SkidPad;5.21;996;0.11;-0.5;0.13;0.7;0.02;34;0.05;6.08
186;Clear;0.08;C17 slick;SkidPad;5.28;1004;0.38;-0.2;0.18;0.6;0.01;33;0.12;6.05
187;Rain;0.76;C17 wet;SkidPad;5.41;1005;0.31;-0.5;0.11;0.7;0.08;26;0.17;6.84
188;Clear;0.15;C17 slick;Acceleratie;2.09;1003;0.14;-0.1;0.03;0.6;0.14;28;0.01;2.56
189;Clear;0.1;C17 slick;SkidPad;5.08;1002;0.21;-0.7;0.09;0.7;0.04;32;0.17;5.69
190;Rain;0.61;C17 wet;Acceleratie;2.03;999;0.07;-0;0.09;0.8;0.05;31;0.07;2.92
191;Clear;0.49;C17 slick;Acceleratie;2.13;1005;0.19;-0.4;0.07;0.8;0.06;29;0.06;3
192;Clear;0.18;C17 slick;Acceleratie;2.1;996;0.18;-1;0.17;0.7;0.03;21;0.02;2.68
193;Clear;0.13;C17 slick;Acceleratie;2.09;1004;0.19;-0.8;0.11;0.7;0.01;34;0.17;2.7
194;Clear;0.12;C17 slick;Acceleratie;2.05;1000;0;-1;0.11;0.6;0.12;20;0.08;2.48
195;Rain;0.7;C17 wet;Acceleratie;2.07;995;0.14;-0.4;0.07;0.8;0.01;35;0.08;3.07
196;Rain;0.6;C17 wet;SkidPad;5.41;996;0.12;-0.8;0.08;0.8;0.2;33;0.1;6.51
197;Rain;0.7;C17 wet;Acceleratie;2.03;997;0.13;-0.9;0.11;0.7;0.05;37;0.01;3.03
198;Rain;0.81;C17 wet;SkidPad;5.05;1005;0.33;-0.9;0.02;0.6;0.07;27;0.15;6.43
199;Clear;0.02;C17 slick;Acceleratie;2.24;1003;0.11;-0.2;0;0.7;0.05;35;0.14;2.56
200;Clear;0.32;C17 slick;SkidPad;5.2;1001;0.39;-0.1;0.1;0.8;0.13;35;0.13;6.27
201;Clear;0.46;C17 slick;SkidPad;5.17;998;0.29;-0.4;0.18;0.7;0.03;35;0.12;6.25
202;Clear;0.16;C17 slick;SkidPad;5.31;1005;0.38;-0.2;0.14;0.6;0.06;40;0.11;6.16
203;Clear;0.12;C17 slick;SkidPad;5.5;997;0.18;-0.8;0.04;0.7;0.03;32;0.11;5.98
204;Rain;0.85;C17 wet;SkidPad;5.24;1003;0.34;-0.8;0.05;0.7;0.04;33;0.02;6.54
205;Clear;0.07;C17 slick;SkidPad;5.2;998;0.35;-0.1;0.12;0.6;0.01;26;0.07;5.82
206;Clear;0.47;C17 slick;Acceleratie;2.07;1005;0.12;-0.8;0.14;0.8;0.08;20;0.03;2.91
207;Rain;0.9;C17 wet;Acceleratie;2.08;1003;0.1;-0.6;0.19;0.7;0.01;27;0.13;3.41
208;Rain;0.99;C17 wet;Acceleratie;2.25;999;0.04;-0.5;0.04;0.7;0.03;40;0.04;3.39
209;Clear;0.22;C17 slick;Acceleratie;2.11;995;0.15;-0.3;0.05;0.7;0.09;32;0.19;2.81
210;Clear;0.46;C17 slick;SkidPad;5.03;1002;0.4;-0.6;0.01;0.6;0.02;39;0.16;6.08
211;Clear;0.14;C17 slick;SkidPad;5.15;1005;0.38;-0.1;0.12;0.7;0;39;0.17;5.96
212;Clear;0.11;C17 slick;SkidPad;5.02;1002;0.31;-0.8;0.09;0.6;0.06;28;0.04;5.63
213;Rain;0.82;C17 wet;SkidPad;5.45;999;0.29;-0.5;0.14;0.6;0.06;20;0.14;6.9
214;Clear;0.29;C17 slick;Acceleratie;2.13;1002;0.08;-0.4;0.05;0.7;0.03;35;0.16;2.74
215;Rain;0.95;C17 wet;Acceleratie;2.06;996;0.13;-0.1;0.07;0.7;0.07;39;0.06;3.34
216;Rain;0.53;C17 wet;SkidPad;5.48;995;0.1;-0.2;0.1;0.7;0.02;30;0.16;6.39
217;Rain;0.51;C17 wet;Acceleratie;2.17;1000;0.03;-0.2;0.01;0.7;0.03;24;0.11;2.86
218;Clear;0.44;C17 slick;Acceleratie;2.3;995;0.2;-0.3;0.07;0.6;0.18;37;0.2;3.39
219;Clear;0;C17 slick;SkidPad;5.33;1001;0.22;-0.7;0;0.6;0.07;31;0.2;5.82
220;Clear;0.05;C17 slick;Acceleratie;2.1;995;0.1;-0.7;0.14;0.8;0.09;27;0.04;2.52
221;Rain;0.65;C17 wet;Acceleratie;2.04;995;0.17;-0.2;0.05;0.8;0.08;40;0.02;3.01
222;Clear;0.26;C17 slick;SkidPad;5.06;999;0.33;-0.5;0.13;0.6;0.1;29;0.08;5.96
223;Rain;0.64;C17 wet;Acceleratie;2.3;1000;0.03;-0;0.09;0.7;0.07;24;0.14;3.27
224;Rain;0.78;C17 wet;SkidPad;5.09;998;0.32;-0.3;0.14;0.7;0.05;26;0.18;6.56
225;Clear;0;C17 slick;Acceleratie;2.06;1002;0.02;-0.4;0.08;0.7;0.08;23;0.03;2.27
226;Clear;0.48;C17 slick;Acceleratie;2.2;1001;0;-1;0.15;0.6;0.15;33;0.16;3.14
227;Clear;0.26;C17 slick;SkidPad;5.08;998;0.21;-0;0.15;0.8;0.18;24;0.09;5.97
228;Clear;0.28;C17 slick;Acceleratie;2.23;996;0.19;-0.2;0.06;0.7;0.02;33;0.13;2.91
229;Clear;0.45;C17 slick;SkidPad;5.29;1003;0.3;-0.5;0.11;0.7;0.09;20;0.09;6.33
230;Rain;0.66;C17 wet;Acceleratie;2.06;996;0.16;-0.3;0.08;0.7;0.02;24;0.13;3.11
231;Rain;0.56;C17 wet;Acceleratie;2.2;998;0.03;-0.3;0.01;0.7;0.01;28;0.14;2.95
232;Rain;0.92;C17 wet;Acceleratie;2.22;1001;0.02;-0.6;0.12;0.7;0.07;33;0.07;3.42
233;Clear;0.21;C17 slick;SkidPad;5.05;996;0.08;-0.5;0.19;0.7;0.09;25;0.07;5.69
234;Clear;0.26;C17 slick;Acceleratie;2.12;1002;0.1;-0.3;0.06;0.7;0.03;24;0.09;2.66
235;Clear;0.11;C17 slick;Acceleratie;2.11;998;0.04;-0.2;0.05;0.7;0.08;29;0.09;2.48
236;Rain;0.55;C17 wet;SkidPad;5.48;996;0.12;-0.7;0.02;0.6;0.05;23;0.19;6.41
237;Clear;0.31;C17 slick;Acceleratie;2.12;999;0.08;-0.4;0.02;0.6;0.16;38;0.12;2.81
238;Clear;0.42;C17 slick;SkidPad;5.35;999;0.34;-0.5;0.16;0.6;0.06;21;0.07;6.4
239;Clear;0.27;C17 slick;SkidPad;5.36;998;0.33;-0.3;0.18;0.6;0.01;32;0.17;6.32
240;Clear;0.14;C17 slick;SkidPad;5.36;1005;0.31;-0.6;0.04;0.8;0.14;38;0.18;6.17
241;Clear;0.21;C17 slick;SkidPad;5.24;1000;0.26;-0.1;0.18;0.7;0;33;0.2;6.09
242;Clear;0.23;C17 slick;Acceleratie;2.01;999;0.02;-0.9;0.18;0.7;0.03;22;0.01;2.48
243;Rain;0.53;C17 wet;Acceleratie;2.12;1001;0.07;-0.6;0.15;0.7;0.01;24;0.2;3.08
244;Rain;0.99;C17 wet;SkidPad;5.36;996;0.16;-0.7;0;0.7;0;30;0.2;6.71
245;Rain;0.69;C17 wet;SkidPad;5.12;1005;0.33;-0.8;0.09;0.7;0.06;37;0.08;6.37
246;Rain;0.76;C17 wet;SkidPad;5.04;995;0.03;-0.9;0.04;0.8;0.14;31;0.07;6.08
247;Clear;0.47;C17 slick;Acceleratie;2.11;1005;0.15;-0.6;0.18;0.7;0.09;25;0.05;3.05
248;Rain;0.97;C17 wet;SkidPad;5.44;997;0.01;-0;0.2;0.8;0.15;24;0.11;6.88
249;Rain;0.64;C17 wet;SkidPad;5.04;997;0.03;-0.4;0.19;0.7;0.01;25;0.14;6.05
250;Rain;0.94;C17 wet;SkidPad;5.45;1004;0.31;-0.1;0.16;0.7;0.08;26;0.12;7.06
251;Rain;0.51;C17 wet;SkidPad;5.46;1002;0.36;-0.1;0.16;0.6;0.05;38;0.01;6.55
252;Rain;0.7;C17 wet;Acceleratie;2.22;1001;0.06;-0;0.09;0.8;0.02;24;0.14;3.23
253;Clear;0.05;C17 slick;Acceleratie;2.15;996;0.19;-0.9;0.11;0.6;0.17;23;0;2.67
254;Rain;0.6;C17 wet;SkidPad;5.03;1001;0.23;-0.8;0.06;0.6;0.01;31;0.04;5.97
255;Rain;0.71;C17 wet;Acceleratie;2.02;1002;0.06;-0.3;0.04;0.6;0.2;34;0.01;3.04
256;Rain;0.89;C17 wet;SkidPad;5.1;1005;0.36;-0.1;0.18;0.6;0.05;29;0.15;6.73
257;Clear;0.34;C17 slick;Acceleratie;2.02;998;0.05;-0.5;0.01;0.6;0.15;39;0.16;2.73
258;Clear;0.05;C17 slick;SkidPad;5.31;1004;0.26;-0.9;0.07;0.7;0.03;39;0.14;5.86
259;Rain;0.66;C17 wet;SkidPad;5.18;1004;0.27;-0.5;0.16;0.7;0.1;37;0.09;6.46
260;Rain;0.92;C17 wet;Acceleratie;2.12;1003;0.15;-0;0.06;0.8;0.09;26;0.13;3.47
261;Rain;0.92;C17 wet;SkidPad;5.28;1002;0.39;-0.6;0;0.8;0.17;25;0.16;6.92
262;Clear;0.26;C17 slick;Acceleratie;2.11;1000;0.05;-0;0.08;0.7;0.09;22;0.06;2.65
263;Clear;0.13;C17 slick;Acceleratie;2.24;995;0.1;-0.6;0.13;0.6;0.19;27;0.05;2.84
264;Clear;0.29;C17 slick;SkidPad;5.45;1002;0.24;-0.7;0.04;0.6;0.01;23;0.08;6.11
265;Clear;0.14;C17 slick;SkidPad;5.24;1004;0.4;-0.7;0.08;0.6;0.01;21;0.06;5.93
266;Clear;0.37;C17 slick;Acceleratie;2.25;1001;0.04;-0.5;0.01;0.7;0.06;36;0.11;2.84
267;Rain;0.56;C17 wet;Acceleratie;2.28;1005;0.16;-0.1;0.07;0.6;0.17;39;0.02;3.26
268;Clear;0.41;C17 slick;Acceleratie;2.29;997;0.19;-0.7;0.19;0.7;0.05;32;0.14;3.27
269;Rain;0.6;C17 wet;Acceleratie;2.07;996;0.12;-0.5;0.03;0.8;0.05;38;0.04;2.91
270;Clear;0.36;C17 slick;SkidPad;5.34;996;0.12;-0.1;0.16;0.8;0.14;28;0.08;6.2
271;Rain;0.87;C17 wet;SkidPad;5.31;1000;0.27;-0.9;0.01;0.7;0.05;23;0.19;6.7
272;Clear;0.3;C17 slick;SkidPad;5.49;1000;0.22;-0.8;0.04;0.6;0.01;40;0.16;6.22
273;Rain;0.61;C17 wet;Acceleratie;2.25;1002;0.08;-0;0.03;0.8;0.01;37;0.03;3.01
274;Rain;0.61;C17 wet;Acceleratie;2.24;997;0.17;-0.2;0.01;0.8;0.06;33;0.01;3.1
275;Rain;0.65;C17 wet;Acceleratie;2.27;1003;0.12;-0.3;0.03;0.8;0.05;39;0.09;3.21
276;Clear;0.13;C17 slick;SkidPad;5.1;1000;0.23;-0.2;0.12;0.7;0.03;26;0.03;5.64
277;Rain;0.97;C17 wet;SkidPad;5.47;1002;0.21;-0.7;0.08;0.7;0.05;33;0.07;6.85
278;Rain;0.85;C17 wet;SkidPad;5.49;996;0.16;-0.9;0.03;0.8;0.19;27;0.1;6.82
279;Rain;0.99;C17 wet;SkidPad;5.35;997;0.12;-0.9;0.07;0.8;0.1;38;0.08;6.71
280;Rain;0.52;C17 wet;SkidPad;5;1004;0.22;-0.6;0.06;0.6;0.09;39;0.08;5.97
281;Clear;0.07;C17 slick;SkidPad;5.41;996;0.14;-0.5;0.13;0.6;0.07;35;0.1;5.92
282;Clear;0.43;C17 slick;SkidPad;5.21;995;0.06;-0.9;0.07;0.7;0.01;23;0.01;5.79
283;Clear;0.27;C17 slick;Acceleratie;2.11;1004;0.16;-0.9;0.18;0.8;0.04;21;0.07;2.83
284;Rain;0.58;C17 wet;Acceleratie;2.12;997;0.19;-0.2;0.1;0.6;0.11;25;0.11;3.21
285;Clear;0.29;C17 slick;SkidPad;5.14;1004;0.35;-0.6;0;0.7;0.04;22;0.05;5.87
286;Clear;0.18;C17 slick;Acceleratie;2.08;1005;0.18;-0.3;0.01;0.6;0.19;40;0.1;2.74
287;Rain;0.64;C17 wet;Acceleratie;2.18;1000;0.04;-0.6;0.13;0.8;0.09;29;0.16;3.24
288;Clear;0.28;C17 slick;Acceleratie;2.04;1001;0.02;-0.4;0.01;0.7;0.06;22;0.01;2.42
289;Rain;0.65;C17 wet;SkidPad;5.15;1002;0.25;-0.3;0.11;0.7;0.07;26;0.11;6.34
290;Clear;0.09;C17 slick;Acceleratie;2.15;998;0.09;-0.4;0.04;0.7;0.04;21;0.05;2.46
291;Rain;0.87;C17 wet;SkidPad;5.5;996;0.11;-0.9;0.07;0.7;0.09;35;0.09;6.73
292;Clear;0.23;C17 slick;Acceleratie;2.13;1000;0.09;-1;0.11;0.8;0.1;20;0.04;2.7
293;Rain;0.97;C17 wet;SkidPad;5.03;1002;0.35;-0.1;0.18;0.7;0.02;22;0.14;6.69
294;Clear;0.09;C17 slick;SkidPad;5.02;1003;0.21;-0;0.15;0.8;0.1;32;0.18;5.75
295;Clear;0.2;C17 slick;Acceleratie;2.15;1002;0.01;-0.2;0.02;0.8;0.09;26;0.05;2.52
296;Clear;0.06;C17 slick;SkidPad;5.17;995;0.19;-0.6;0.08;0.7;0.09;20;0.01;5.6
297;Rain;0.78;C17 wet;Acceleratie;2.19;998;0;-0.9;0.17;0.8;0.06;26;0.14;3.34
298;Rain;0.69;C17 wet;Acceleratie;2.05;997;0.16;-0.7;0.11;0.8;0.04;30;0.15;3.2
299;Rain;0.78;C17 wet;Acceleratie;2.26;998;0.01;-1;0.16;0.7;0.08;36;0.09;3.38
300;Rain;0.6;C17 wet;SkidPad;5.2;998;0.23;-0.3;0.18;0.7;0.08;21;0.12;6.41
301;Clear;0.13;C17 slick;SkidPad;5.06;995;0.18;-0.3;0.2;0.7;0.06;37;0.13;5.76
302;Clear;0.4;C17 slick;Acceleratie;2.25;996;0.16;-0.7;0.15;0.8;0.02;23;0.03;3.01
303;Clear;0.21;C17 slick;SkidPad;5.16;998;0.24;-0.1;0.14;0.6;0.05;37;0.15;5.95
304;Clear;0.24;C17 slick;SkidPad;5.34;1002;0.24;-0.5;0.17;0.6;0.01;27;0.03;6.03
305;Rain;0.54;C17 wet;SkidPad;5.2;998;0.29;-0.3;0.15;0.7;0.03;35;0.03;6.24
306;Rain;0.94;C17 wet;SkidPad;5.37;1000;0.36;-0.4;0.11;0.8;0.11;24;0.16;7.05
307;Rain;0.59;C17 wet;SkidPad;5.49;998;0.25;-0.8;0.09;0.7;0;24;0.19;6.61
308;Clear;0.16;C17 slick;Acceleratie;2.19;1004;0.19;-0.8;0.15;0.7;0.05;25;0.06;2.8
309;Clear;0.04;C17 slick;Acceleratie;2.25;995;0.12;-0.8;0.12;0.8;0.08;40;0.11;2.72
310;Clear;0.32;C17 slick;SkidPad;5.02;1001;0.24;-0.6;0.02;0.7;0.03;23;0.08;5.71
311;Rain;0.61;C17 wet;SkidPad;5.35;1002;0.38;-0.1;0.14;0.7;0.03;36;0.05;6.56
312;Clear;0.3;C17 slick;Acceleratie;2.09;995;0.13;-0.3;0.05;0.6;0.13;26;0.03;2.73
313;Rain;0.54;C17 wet;SkidPad;5.34;999;0.3;-1;0.03;0.8;0.1;34;0.02;6.33
314;Rain;0.76;C17 wet;Acceleratie;2.17;998;0.03;-1;0.17;0.6;0.14;27;0.14;3.41
315;Rain;0.79;C17 wet;Acceleratie;2.2;1001;0.06;-0.9;0.16;0.8;0.05;23;0.13;3.39
316;Clear;0.32;C17 slick;Acceleratie;2.14;1002;0.08;-0.3;0.01;0.7;0.09;35;0.12;2.76
317;Clear;0.45;C17 slick;SkidPad;5.48;1004;0.39;-0.8;0.07;0.7;0.04;25;0;6.43
318;Clear;0.14;C17 slick;SkidPad;5.19;1005;0.29;-0.5;0.17;0.6;0.04;25;0.05;5.88
319;Clear;0.18;C17 slick;SkidPad;5.2;1002;0.3;-0;0.18;0.8;0.13;32;0.18;6.17
320;Rain;0.85;C17 wet;Acceleratie;2.02;1002;0.1;-0.8;0.19;0.7;0.08;37;0.06;3.3
321;Rain;0.74;C17 wet;SkidPad;5.03;999;0.23;-0;0.18;0.8;0.16;29;0.14;6.48
322;Clear;0.09;C17 slick;Acceleratie;2;995;0.11;-0.3;0.08;0.6;0.13;31;0.16;2.57
323;Rain;0.75;C17 wet;Acceleratie;2.07;1001;0.08;-0.1;0.08;0.7;0.09;21;0.13;3.2
324;Clear;0.07;C17 slick;Acceleratie;2.2;997;0.1;-0.3;0.04;0.7;0.09;30;0.01;2.51
325;Clear;0.32;C17 slick;Acceleratie;2.24;1002;0.03;-0.9;0.15;0.7;0.04;21;0.08;2.86
326;Clear;0.12;C17 slick;Acceleratie;2.22;1002;0.04;-0.7;0.18;0.7;0;37;0.19;2.75
327;Rain;0.87;C17 wet;Acceleratie;2.03;1002;0.02;-0.3;0.04;0.7;0.02;28;0.18;3.16
328;Rain;0.55;C17 wet;SkidPad;5.38;999;0.34;-0.6;0.01;0.7;0.08;22;0.18;6.54
329;Clear;0.16;C17 slick;Acceleratie;2.04;1001;0.07;-0.9;0.16;0.8;0.08;40;0.12;2.63
330;Rain;0.77;C17 wet;Acceleratie;2.24;1003;0.12;-0.1;0.01;0.8;0.06;38;0.09;3.29
331;Clear;0.4;C17 slick;SkidPad;5.23;998;0.29;-0.7;0.07;0.7;0.04;37;0.11;6.14
332;Clear;0.2;C17 slick;SkidPad;5.02;1005;0.26;-0.8;0.08;0.7;0.06;20;0.07;5.69
333;Clear;0.44;C17 slick;SkidPad;5.02;1004;0.35;-0.5;0.19;0.7;0.02;37;0.17;6.19
334;Clear;0.09;C17 slick;SkidPad;5.34;997;0.01;-0.6;0.06;0.8;0.15;36;0.12;5.77
335;Clear;0.41;C17 slick;SkidPad;5.24;1004;0.27;-0.1;0.11;0.7;0;32;0.14;6.17
336;Clear;0.18;C17 slick;Acceleratie;2.29;1001;0.08;-0.6;0.2;0.8;0.01;37;0.14;2.9
337;Clear;0.36;C17 slick;Acceleratie;2.2;1005;0.14;-0.9;0.15;0.7;0;21;0.06;2.91
338;Rain;0.59;C17 wet;SkidPad;5.08;1005;0.21;-0.3;0.17;0.7;0.1;27;0.13;6.28
339;Clear;0.36;C17 slick;Acceleratie;2.21;1002;0.07;-0.9;0.12;0.7;0.04;35;0.11;2.91
340;Rain;0.64;C17 wet;Acceleratie;2.07;996;0.16;-0.7;0.17;0.7;0.09;25;0.11;3.24
341;Clear;0.5;C17 slick;SkidPad;5.16;1001;0.29;-0.6;0.03;0.7;0.08;33;0.2;6.26
342;Rain;0.61;C17 wet;SkidPad;5.47;1005;0.33;-0;0.15;0.7;0.05;20;0.15;6.76
343;Rain;0.83;C17 wet;SkidPad;5.46;1000;0.39;-0.9;0.08;0.6;0.07;22;0.11;6.94
344;Rain;0.9;C17 wet;SkidPad;5.26;996;0.13;-0.9;0.06;0.7;0.05;28;0.1;6.5
345;Rain;0.96;C17 wet;Acceleratie;2.25;998;0.1;-0;0.07;0.7;0.02;28;0.18;3.58
346;Clear;0.39;C17 slick;SkidPad;5.06;1001;0.24;-0.3;0.12;0.7;0.07;27;0.06;5.94
347;Rain;0.8;C17 wet;SkidPad;5.33;1002;0.31;-0.5;0.16;0.7;0;32;0.04;6.64
348;Rain;0.78;C17 wet;SkidPad;5.4;1001;0.39;-0.3;0.17;0.6;0.09;35;0;6.83
349;Rain;0.76;C17 wet;SkidPad;5.02;1002;0.25;-0.4;0.19;0.7;0.06;40;0.05;6.33
350;Clear;0.22;C17 slick;Acceleratie;2.14;998;0.05;-0.8;0.17;0.6;0.1;34;0.11;2.79
351;Rain;0.61;C17 wet;Acceleratie;2.12;1002;0.08;-0;0.09;0.7;0.08;31;0.03;3.01
352;Clear;0.34;C17 slick;Acceleratie;2.02;998;0.08;-0.1;0.03;0.8;0.1;26;0.09;2.66
353;Clear;0.28;C17 slick;Acceleratie;2.07;1005;0.17;-0.4;0.01;0.6;0.11;26;0.02;2.66
354;Rain;0.87;C17 wet;SkidPad;5.08;1000;0.21;-0.8;0.08;0.6;0.03;26;0.17;6.44
355;Rain;0.81;C17 wet;SkidPad;5.16;1004;0.27;-0.4;0.19;0.7;0.05;36;0.01;6.49
356;Rain;0.78;C17 wet;SkidPad;5.04;1001;0.25;-0.9;0.06;0.8;0.14;39;0.05;6.32
357;Rain;0.77;C17 wet;Acceleratie;2.14;999;0.06;-0.4;0.09;0.8;0.04;21;0.17;3.27
358;Clear;0.36;C17 slick;SkidPad;5.49;1002;0.23;-1;0.06;0.6;0;24;0.08;6.22
359;Rain;0.82;C17 wet;SkidPad;5.33;1001;0.22;-0.3;0.19;0.6;0.09;33;0.07;6.72
360;Clear;0.01;C17 slick;Acceleratie;2.23;996;0.14;-0.3;0.02;0.7;0.02;33;0.18;2.6
361;Rain;0.94;C17 wet;Acceleratie;2.03;999;0.01;-1;0.18;0.7;0.03;24;0.1;3.29
362;Rain;1;C17 wet;Acceleratie;2.05;1001;0.1;-0.3;0.03;0.7;0.01;28;0.13;3.32
363;Rain;0.74;C17 wet;Acceleratie;2.13;1002;0.1;-0.7;0.13;0.7;0.09;30;0.18;3.37
364;Clear;0.24;C17 slick;Acceleratie;2.13;1005;0.16;-0;0.05;0.7;0.06;26;0.07;2.71
365;Clear;0.13;C17 slick;SkidPad;5.46;997;0.08;-0.8;0.01;0.7;0.06;22;0.02;5.76
366;Rain;0.67;C17 wet;SkidPad;5.38;1003;0.36;-0.5;0.17;0.8;0.11;39;0.09;6.78
367;Rain;0.66;C17 wet;Acceleratie;2.14;995;0.1;-0.3;0.07;0.8;0.07;25;0.16;3.2
368;Clear;0.48;C17 slick;SkidPad;5.26;1002;0.27;-0.4;0.13;0.8;0.11;32;0.11;6.36
369;Clear;0.13;C17 slick;SkidPad;5.02;1004;0.29;-0.4;0.11;0.8;0.1;30;0.07;5.72
370;Clear;0.01;C17 slick;SkidPad;5.33;997;0.01;-0;0.19;0.8;0.12;27;0.06;5.72
371;Rain;0.62;C17 wet;SkidPad;5.4;1005;0.25;-0.9;0.08;0.7;0.07;32;0.01;6.43
372;Clear;0.38;C17 slick;SkidPad;5.3;1001;0.33;-0.2;0.11;0.8;0.15;33;0.19;6.46
373;Clear;0.37;C17 slick;Acceleratie;2.13;1004;0.18;-0.5;0.05;0.7;0.02;37;0.17;2.92
374;Clear;0.12;C17 slick;SkidPad;5.32;1003;0.23;-0.5;0.14;0.8;0.18;20;0.05;6.04
375;Rain;0.73;C17 wet;Acceleratie;2;996;0.16;-0.8;0.14;0.7;0.03;21;0.13;3.19
376;Rain;0.86;C17 wet;Acceleratie;2.29;997;0.12;-0.3;0.04;0.8;0.07;40;0.01;3.39
377;Rain;0.88;C17 wet;Acceleratie;2.13;999;0.02;-0.5;0.07;0.7;0;38;0.09;3.19
378;Clear;0.18;C17 slick;SkidPad;5;1005;0.23;-0;0.12;0.8;0.15;24;0.1;5.78
379;Clear;0.38;C17 slick;SkidPad;5.23;1004;0.28;-1;0.05;0.8;0.17;39;0.17;6.28
380;Clear;0.44;C17 slick;SkidPad;5.08;1005;0.24;-1;0.01;0.7;0.08;35;0.12;5.97
381;Rain;0.54;C17 wet;SkidPad;5.29;1001;0.34;-0.7;0.1;0.7;0.08;30;0.16;6.51
382;Clear;0.07;C17 slick;Acceleratie;2.05;998;0.02;-0.3;0.05;0.7;0.09;35;0.13;2.41
383;Rain;0.91;C17 wet;SkidPad;5.44;1000;0.26;-0.5;0.13;0.7;0.06;40;0;6.8
384;Rain;0.81;C17 wet;Acceleratie;2.23;999;0.08;-0.4;0.05;0.6;0.13;36;0;3.3
385;Rain;0.87;C17 wet;SkidPad;5.41;1002;0.23;-0.7;0.08;0.8;0.14;30;0.14;6.87
386;Rain;0.56;C17 wet;Acceleratie;2.21;1003;0.17;-0.8;0.16;0.7;0.09;40;0.02;3.21
387;Rain;0.54;C17 wet;Acceleratie;2.3;1002;0.02;-0.5;0.08;0.7;0.01;22;0.14;3.09
388;Clear;0.02;C17 slick;SkidPad;5.47;1003;0.32;-0.1;0.16;0.6;0.07;21;0.05;6.09
389;Rain;0.76;C17 wet;Acceleratie;2.06;997;0.17;-0.4;0.04;0.8;0.07;38;0.03;3.13
390;Rain;0.91;C17 wet;Acceleratie;2.19;996;0.12;-0.1;0.01;0.7;0.07;25;0.14;3.44
391;Clear;0.05;C17 slick;SkidPad;5.22;1005;0.37;-0.1;0.1;0.8;0.11;37;0.14;5.99
392;Rain;0.79;C17 wet;SkidPad;5.17;998;0.23;-0.6;0.03;0.6;0.03;33;0.01;6.26
393;Rain;0.97;C17 wet;SkidPad;5.28;996;0.17;-0.6;0.02;0.8;0.16;39;0.01;6.61
394;Clear;0.08;C17 slick;SkidPad;5.42;997;0.1;-0.4;0.11;0.7;0.06;33;0.14;5.91
395;Rain;0.99;C17 wet;SkidPad;5.28;1000;0.33;-0.9;0.02;0.6;0.06;21;0.19;6.87
396;Rain;0.84;C17 wet;SkidPad;5.4;999;0.39;-0.8;0.09;0.7;0.09;37;0.04;6.85
397;Rain;0.84;C17 wet;SkidPad;5.34;1005;0.29;-0.8;0.05;0.7;0.03;39;0.04;6.59
398;Clear;0.49;C17 slick;SkidPad;5.48;998;0.24;-0.3;0.11;0.8;0.18;22;0.01;6.51
399;Clear;0.27;C17 slick;Acceleratie;2.25;1002;0.05;-0.5;0.01;0.6;0.19;20;0.04;2.81
400;Rain;0.74;C17 wet;SkidPad;5.44;998;0.28;-0.7;0;0.8;0.16;22;0.18;6.8
401;Rain;0.84;C17 wet;Acceleratie;2.04;1005;0.12;-1;0.14;0.7;0.09;36;0.04;3.27
402;Rain;0.82;C17 wet;SkidPad;5.01;1002;0.39;-0.1;0.13;0.7;0.08;36;0.06;6.49
403;Rain;0.92;C17 wet;SkidPad;5.3;1002;0.22;-0.3;0.18;0.7;0.03;38;0.1;6.75
404;Clear;0.12;C17 slick;SkidPad;5.27;1001;0.21;-0.2;0.14;0.8;0.12;23;0.01;5.87
405;Rain;0.54;C17 wet;SkidPad;5.39;998;0.21;-0.7;0.02;0.8;0.18;24;0.16;6.5
406;Clear;0.26;C17 slick;SkidPad;5.14;995;0.13;-0.8;0.09;0.7;0.02;35;0.13;5.77
407;Rain;0.78;C17 wet;Acceleratie;2.23;999;0.01;-0.2;0.06;0.7;0;28;0.11;3.19
408;Rain;0.73;C17 wet;Acceleratie;2.15;999;0.06;-0.3;0.01;0.7;0.04;25;0.18;3.17
409;Rain;0.92;C17 wet;Acceleratie;2.15;1005;0.12;-0.1;0.02;0.7;0.08;36;0.04;3.33
410;Clear;0.49;C17 slick;Acceleratie;2.19;995;0.11;-0.8;0.18;0.8;0.06;24;0.07;3.1
411;Clear;0.36;C17 slick;Acceleratie;2.24;998;0.01;-0.8;0.14;0.7;0.03;32;0.18;2.96
412;Clear;0.01;C17 slick;SkidPad;5.24;1004;0.32;-0.8;0.03;0.7;0.02;28;0.09;5.71
413;Rain;0.53;C17 wet;SkidPad;5.02;1005;0.39;-0.6;0.05;0.6;0.07;33;0.03;6.09
414;Clear;0.26;C17 slick;Acceleratie;2.17;1004;0.18;-0.4;0.09;0.7;0.04;32;0.17;2.91
415;Clear;0.13;C17 slick;Acceleratie;2.23;1004;0.16;-0.4;0.04;0.7;0.06;38;0.15;2.77
416;Clear;0;C17 slick;SkidPad;5.03;1003;0.39;-0.6;0.07;0.6;0.04;23;0.08;5.61
417;Rain;0.96;C17 wet;SkidPad;5.24;1000;0.29;-0.7;0.03;0.8;0.15;20;0.17;6.84
418;Rain;0.62;C17 wet;SkidPad;5.33;1002;0.3;-0.7;0.05;0.6;0.08;37;0.08;6.46
419;Clear;0.18;C17 slick;Acceleratie;2.04;996;0.13;-0.2;0.08;0.6;0.18;24;0.01;2.62
420;Rain;0.9;C17 wet;Acceleratie;2.18;1002;0.06;-0.1;0.01;0.7;0.05;36;0.06;3.26
421;Clear;0.22;C17 slick;Acceleratie;2.02;995;0.13;-0.9;0.11;0.7;0.04;22;0.01;2.53
422;Rain;0.76;C17 wet;SkidPad;5.14;995;0.1;-0.1;0.1;0.8;0.12;28;0.11;6.33
423;Clear;0.27;C17 slick;Acceleratie;2.04;1000;0.05;-0.9;0.14;0.7;0.03;37;0.2;2.73
424;Rain;0.74;C17 wet;SkidPad;5.17;1001;0.23;-1;0.03;0.7;0.08;25;0.18;6.43
425;Clear;0.01;C17 slick;SkidPad;5.4;1003;0.26;-0.8;0.04;0.7;0.1;31;0.12;5.93
426;Clear;0.14;C17 slick;Acceleratie;2.2;1005;0.19;-0.7;0.19;0.7;0.01;28;0.05;2.78
427;Rain;0.61;C17 wet;SkidPad;5.17;1003;0.28;-0.6;0.01;0.8;0.16;40;0.07;6.3
428;Rain;0.72;C17 wet;SkidPad;5.21;997;0.2;-0.7;0.05;0.8;0.18;28;0.15;6.51
429;Rain;0.99;C17 wet;SkidPad;5.36;996;0.01;-0.9;0.02;0.7;0.01;25;0.19;6.58
430;Clear;0;C17 slick;SkidPad;5.31;999;0.31;-0;0.16;0.8;0.16;30;0.01;5.95
431;Clear;0.15;C17 slick;SkidPad;5.08;999;0.31;-0.6;0.06;0.8;0.17;24;0.09;5.86
432;Clear;0.41;C17 slick;Acceleratie;2.3;1000;0.01;-0.9;0.13;0.7;0.03;25;0.04;2.92
433;Rain;0.96;C17 wet;SkidPad;5.48;1003;0.28;-0.7;0.01;0.8;0.19;21;0.18;7.1
434;Rain;0.91;C17 wet;Acceleratie;2.18;1000;0.07;-0.1;0.04;0.6;0.12;34;0.05;3.37
435;Rain;0.76;C17 wet;Acceleratie;2.27;1004;0.15;-0.5;0.1;0.6;0.1;27;0.17;3.55
436;Rain;0.53;C17 wet;Acceleratie;2.19;1004;0.14;-0.3;0.08;0.8;0.1;23;0.14;3.18
437;Clear;0.03;C17 slick;SkidPad;5.08;1000;0.4;-0.4;0.18;0.7;0.02;36;0.14;5.85
438;Rain;0.96;C17 wet;Acceleratie;2.19;1002;0.09;-0.2;0.09;0.8;0.01;26;0.2;3.54
439;Rain;0.85;C17 wet;Acceleratie;2.22;997;0.14;-0;0.01;0.7;0.1;32;0.08;3.4
440;Clear;0.16;C17 slick;SkidPad;5.24;1003;0.32;-0.5;0.11;0.7;0.09;23;0.02;5.94
441;Rain;0.59;C17 wet;SkidPad;5.23;996;0.13;-0.5;0.14;0.8;0.16;33;0.08;6.33
442;Clear;0.28;C17 slick;SkidPad;5.34;1001;0.33;-0.8;0.08;0.6;0.07;37;0.18;6.28
443;Clear;0.5;C17 slick;SkidPad;5.36;1004;0.33;-0.3;0.19;0.6;0.06;33;0.17;6.61
444;Clear;0.32;C17 slick;SkidPad;5.27;995;0.12;-1;0.07;0.7;0.03;31;0.15;5.96
445;Clear;0.48;C17 slick;Acceleratie;2.18;1005;0.16;-0.8;0.17;0.7;0.04;32;0.19;3.22
446;Rain;0.6;C17 wet;Acceleratie;2.24;1000;0.08;-0;0.06;0.7;0.03;33;0.1;3.11
447;Rain;0.77;C17 wet;SkidPad;5.15;1002;0.28;-0.4;0.14;0.8;0.17;23;0.19;6.7
448;Rain;0.81;C17 wet;SkidPad;5.29;1005;0.22;-1;0.05;0.8;0.12;37;0;6.49
449;Clear;0;C17 slick;SkidPad;5.49;997;0.04;-0.8;0.06;0.7;0.02;29;0.07;5.68
450;Rain;0.97;C17 wet;SkidPad;5.21;998;0.25;-0.2;0.14;0.6;0.09;29;0.11;6.77
451;Rain;0.7;C17 wet;Acceleratie;2.18;997;0.16;-0.3;0.05;0.8;0.04;25;0.13;3.26
452;Clear;0.16;C17 slick;SkidPad;5.12;995;0.19;-0.4;0.15;0.7;0.01;36;0.16;5.79
453;Clear;0.05;C17 slick;SkidPad;5.44;995;0.03;-0.3;0.16;0.6;0.04;32;0.14;5.86
454;Rain;0.89;C17 wet;Acceleratie;2.04;1003;0.11;-0.1;0.08;0.6;0.15;27;0.17;3.44
455;Clear;0.09;C17 slick;SkidPad;5.12;995;0.03;-0.5;0.11;0.7;0.07;36;0.18;5.6
456;Rain;0.58;C17 wet;SkidPad;5.43;999;0.38;-0.8;0.06;0.8;0.15;26;0.19;6.79
457;Rain;0.93;C17 wet;SkidPad;5.19;1004;0.22;-0.4;0.16;0.8;0.1;37;0.1;6.7
458;Rain;0.75;C17 wet;Acceleratie;2.28;999;0.02;-0.1;0.03;0.8;0.01;23;0.14;3.23
459;Clear;0.37;C17 slick;SkidPad;5.4;1004;0.29;-0.1;0.2;0.7;0.06;24;0.07;6.39
460;Clear;0.32;C17 slick;SkidPad;5.16;995;0.18;-0.2;0.13;0.8;0.16;33;0.19;6.14
461;Rain;0.73;C17 wet;Acceleratie;2.04;1000;0.09;-0.4;0.02;0.8;0.09;40;0.08;3.05
462;Clear;0.28;C17 slick;SkidPad;5.33;1005;0.2;-0.9;0.02;0.7;0.07;39;0.16;6.06
463;Rain;0.94;C17 wet;SkidPad;5.14;1002;0.4;-0.5;0.14;0.6;0.08;33;0.03;6.73
464;Rain;0.92;C17 wet;SkidPad;5;1003;0.33;-0.2;0.11;0.7;0.02;29;0.16;6.54
465;Rain;0.66;C17 wet;SkidPad;5.32;999;0.23;-0.7;0.03;0.6;0.07;40;0.06;6.37
466;Clear;0.16;C17 slick;SkidPad;5.09;1005;0.24;-0.5;0.16;0.6;0.04;27;0.03;5.72
467;Clear;0.13;C17 slick;SkidPad;5.05;1004;0.22;-0.3;0.17;0.8;0.17;40;0.19;5.93
468;Clear;0.44;C17 slick;SkidPad;5.3;998;0.26;-0.1;0.14;0.8;0.15;29;0;6.29
469;Rain;0.95;C17 wet;SkidPad;5.11;1003;0.29;-0;0.14;0.7;0.09;23;0.19;6.77
470;Clear;0.27;C17 slick;SkidPad;5.5;998;0.28;-0.3;0.16;0.8;0.1;32;0.18;6.49
471;Rain;0.88;C17 wet;SkidPad;5.5;998;0.22;-0.9;0;0.6;0.06;31;0.07;6.73
472;Clear;0.31;C17 slick;SkidPad;5.27;1000;0.34;-0.8;0.07;0.8;0.15;22;0.08;6.22
473;Rain;0.75;C17 wet;Acceleratie;2.14;1004;0.16;-0.3;0.05;0.6;0.19;40;0.04;3.33
474;Rain;0.8;C17 wet;SkidPad;5.49;996;0.06;-0.1;0.16;0.7;0.05;22;0.11;6.67
475;Clear;0.26;C17 slick;Acceleratie;2.02;1002;0.09;-0.9;0.13;0.7;0.09;24;0.06;2.65
476;Rain;0.5;C17 wet;SkidPad;5.42;1003;0.32;-1;0.07;0.7;0.03;21;0.13;6.47
477;Clear;0.41;C17 slick;Acceleratie;2.1;997;0.15;-0.6;0.13;0.7;0.05;21;0.07;2.91
478;Clear;0.09;C17 slick;Acceleratie;2.15;1004;0.18;-0.8;0.17;0.7;0.06;37;0.18;2.83
479;Clear;0.31;C17 slick;SkidPad;5.33;1002;0.39;-0.7;0.09;0.8;0.16;32;0.16;6.44
480;Clear;0.48;C17 slick;Acceleratie;2.12;1005;0.16;-1;0.1;0.7;0;35;0.11;2.97
481;Clear;0.16;C17 slick;SkidPad;5.15;1004;0.21;-0.3;0.15;0.6;0.06;34;0.18;5.91
482;Rain;0.88;C17 wet;SkidPad;5.18;997;0.17;-0.4;0.16;0.6;0.09;25;0.13;6.61
483;Clear;0.19;C17 slick;Acceleratie;2.25;1003;0.11;-0.5;0.09;0.7;0.09;37;0.18;2.91
484;Clear;0.08;C17 slick;Acceleratie;2.01;996;0.14;-0.4;0.04;0.8;0.03;30;0.08;2.38
485;Clear;0.14;C17 slick;Acceleratie;2.23;999;0.07;-1;0.11;0.8;0.02;38;0.14;2.71
486;Clear;0.26;C17 slick;Acceleratie;2.23;1002;0.01;-0.7;0.15;0.8;0.04;21;0.08;2.77
487;Clear;0.26;C17 slick;SkidPad;5.3;1003;0.34;-0.7;0.03;0.7;0.04;34;0.2;6.17
488;Clear;0.31;C17 slick;Acceleratie;2.22;996;0.19;-0.6;0.18;0.8;0.08;40;0.13;3.11
489;Rain;0.96;C17 wet;SkidPad;5.36;996;0.07;-0.5;0.2;0.7;0.03;39;0.07;6.69
490;Clear;0.33;C17 slick;Acceleratie;2.27;1001;0.02;-0.1;0.02;0.8;0.01;33;0.16;2.81
491;Rain;0.93;C17 wet;Acceleratie;2.21;995;0.16;-0.3;0.07;0.7;0.08;31;0.08;3.53
492;Clear;0.23;C17 slick;Acceleratie;2.13;1002;0.05;-0.9;0.16;0.7;0.01;39;0.12;2.7
493;Clear;0.19;C17 slick;SkidPad;5.31;999;0.21;-0.7;0.06;0.6;0;26;0.04;5.81
494;Rain;0.94;C17 wet;SkidPad;5.28;1001;0.39;-0.7;0.04;0.7;0.03;30;0.12;6.8
495;Rain;0.74;C17 wet;SkidPad;5.23;996;0.05;-0;0.19;0.7;0.05;20;0.17;6.43
496;Rain;0.52;C17 wet;SkidPad;5.49;1004;0.22;-0.5;0.17;0.8;0.18;20;0.14;6.72
497;Rain;0.71;C17 wet;SkidPad;5.49;1001;0.29;-0.2;0.14;0.7;0.08;21;0.11;6.82
498;Rain;0.92;C17 wet;SkidPad;5.41;1001;0.23;-0.8;0.06;0.8;0.17;26;0.11;6.9
499;Rain;0.9;C17 wet;SkidPad;5.05;1001;0.36;-0.9;0.08;0.7;0.02;22;0.11;6.52
500;Rain;0.75;C17 wet;SkidPad;5.17;997;0.1;-0.5;0.17;0.6;0.01;26;0.12;6.32
501;Rain;0.83;C17 wet;Acceleratie;2.29;1005;0.17;-0.5;0.03;0.7;0.07;22;0.13;3.52
502;Clear;0.1;C17 slick;Acceleratie;2.09;999;0.08;-0.2;0.01;0.8;0.06;36;0.19;2.53
503;Clear;0.11;C17 slick;SkidPad;5.32;997;0.04;-0.4;0.18;0.7;0.01;26;0.07;5.73
504;Clear;0.37;C17 slick;Acceleratie;2.05;999;0.05;-1;0.17;0.8;0;25;0.06;2.7
505;Clear;0.31;C17 slick;Acceleratie;2.22;1002;0.07;-1;0.17;0.8;0.04;39;0.19;3
506;Clear;0.2;C17 slick;Acceleratie;2.08;1002;0.02;-0.9;0.12;0.8;0.03;25;0.03;2.48
507;Rain;0.74;C17 wet;Acceleratie;2.25;1005;0.16;-0.9;0.14;0.6;0.17;23;0.17;3.63
508;Rain;0.51;C17 wet;Acceleratie;2.14;1001;0.05;-0.1;0.08;0.7;0.1;34;0.02;2.9
509;Rain;0.83;C17 wet;Acceleratie;2.04;996;0.15;-0.9;0.13;0.6;0.19;34;0.04;3.38
510;Clear;0.14;C17 slick;SkidPad;5.32;1000;0.3;-0.7;0.08;0.7;0.04;34;0.16;6.04
511;Rain;0.96;C17 wet;Acceleratie;2.21;1001;0.09;-0.9;0.15;0.8;0.01;23;0.11;3.53
512;Clear;0.26;C17 slick;SkidPad;5.29;997;0.1;-0.9;0.06;0.7;0.04;33;0.11;5.86
513;Rain;0.56;C17 wet;SkidPad;5.21;997;0.06;-0.3;0.17;0.8;0.2;28;0.19;6.39
514;Rain;0.68;C17 wet;SkidPad;5.41;1000;0.33;-0.3;0.15;0.7;0.04;40;0.1;6.71
515;Clear;0.14;C17 slick;Acceleratie;2.01;996;0.14;-0.3;0.01;0.7;0.09;37;0.15;2.54
516;Rain;0.94;C17 wet;Acceleratie;2.12;997;0.1;-0.7;0.11;0.6;0.15;39;0.01;3.43
517;Rain;0.74;C17 wet;Acceleratie;2.29;997;0.14;-0.4;0.02;0.7;0.04;31;0.06;3.29
518;Clear;0.22;C17 slick;SkidPad;5.06;1005;0.34;-0.7;0.04;0.6;0.03;30;0.02;5.71
519;Clear;0.36;C17 slick;SkidPad;5.38;1002;0.28;-0.8;0.09;0.6;0.05;27;0.1;6.26
520;Rain;0.86;C17 wet;Acceleratie;2.05;1001;0.09;-0.6;0.17;0.6;0.14;32;0;3.31
521;Clear;0.09;C17 slick;SkidPad;5.27;1001;0.29;-0.9;0.06;0.6;0.1;33;0.2;6.01
522;Rain;0.99;C17 wet;Acceleratie;2.01;1004;0.1;-0.9;0.17;0.8;0.06;34;0.01;3.34
523;Rain;0.52;C17 wet;SkidPad;5.22;998;0.31;-0.9;0.08;0.7;0.05;27;0.12;6.3
524;Clear;0.44;C17 slick;Acceleratie;2.1;999;0.04;-0.6;0.14;0.8;0.08;34;0.14;2.94
525;Clear;0.42;C17 slick;Acceleratie;2.28;1005;0.16;-0.2;0.07;0.7;0;38;0.18;3.11
526;Rain;0.52;C17 wet;SkidPad;5.23;1003;0.28;-0.8;0.03;0.7;0.08;29;0.19;6.33
527;Clear;0.19;C17 slick;Acceleratie;2.3;1004;0.1;-0.1;0.02;0.6;0.13;20;0.05;2.79
528;Clear;0.44;C17 slick;Acceleratie;2.27;1001;0.09;-0.5;0.05;0.7;0.01;25;0.08;2.94
529;Rain;0.88;C17 wet;SkidPad;5.3;1003;0.23;-0.4;0.14;0.6;0.03;29;0.11;6.69
530;Clear;0.01;C17 slick;Acceleratie;2.13;996;0.15;-0.5;0;0.7;0.05;25;0.07;2.41
531;Rain;0.5;C17 wet;SkidPad;5.45;1005;0.2;-0.2;0.11;0.7;0;31;0.04;6.3
532;Rain;0.56;C17 wet;SkidPad;5.06;997;0.11;-0.4;0.16;0.6;0.08;25;0.13;6.1
533;Clear;0.37;C17 slick;SkidPad;5.21;995;0.04;-1;0.08;0.8;0.1;26;0.06;5.86
534;Rain;0.68;C17 wet;Acceleratie;2.09;1005;0.18;-0.6;0.11;0.7;0.06;21;0.19;3.31
535;Rain;0.93;C17 wet;Acceleratie;2.07;1001;0.05;-0.3;0.09;0.7;0.03;22;0.1;3.27
536;Clear;0.35;C17 slick;Acceleratie;2.19;1005;0.17;-0.2;0.02;0.8;0.02;26;0.05;2.8
537;Rain;0.93;C17 wet;Acceleratie;2.28;1002;0.07;-0.2;0;0.8;0.04;20;0.18;3.5
538;Rain;0.73;C17 wet;Acceleratie;2.11;1005;0.18;-0.9;0.13;0.8;0.02;25;0.14;3.31
539;Rain;0.99;C17 wet;SkidPad;5.4;996;0.2;-0.5;0.11;0.6;0.04;21;0.17;6.91
540;Rain;0.92;C17 wet;SkidPad;5.42;995;0.15;-0.1;0.17;0.7;0;37;0.03;6.69
541;Clear;0.21;C17 slick;Acceleratie;2.17;1002;0.03;-0.4;0.05;0.6;0.18;21;0.09;2.73
542;Rain;0.7;C17 wet;Acceleratie;2.08;999;0.02;-0.8;0.15;0.7;0.06;24;0.17;3.18
543;Rain;0.56;C17 wet;SkidPad;5.27;996;0.07;-0.5;0.11;0.7;0.06;33;0.02;6.09
544;Rain;0.91;C17 wet;SkidPad;5.16;1000;0.35;-0.3;0.1;0.7;0.02;22;0.11;6.65
545;Rain;0.93;C17 wet;Acceleratie;2.14;1002;0;-0.3;0.04;0.6;0.1;39;0.09;3.3
546;Clear;0.01;C17 slick;SkidPad;5.42;995;0.18;-0.4;0.15;0.8;0.16;32;0.19;6.11
547;Rain;0.55;C17 wet;Acceleratie;2.05;1004;0.18;-0.3;0.08;0.7;0.08;40;0.02;2.96
548;Rain;0.54;C17 wet;SkidPad;5.22;1000;0.2;-0.3;0.18;0.8;0.13;35;0.08;6.35
549;Rain;0.96;C17 wet;Acceleratie;2.26;1003;0.14;-0.1;0.04;0.6;0.16;24;0.19;3.75
550;Clear;0.1;C17 slick;SkidPad;5.24;1004;0.22;-0.9;0.03;0.6;0.04;22;0.09;5.72
551;Clear;0.4;C17 slick;Acceleratie;2.26;997;0.15;-0;0.03;0.8;0.02;23;0.07;2.93
552;Rain;1;C17 wet;Acceleratie;2.02;1003;0.13;-0.2;0.07;0.8;0.04;39;0;3.26
553;Clear;0.2;C17 slick;SkidPad;5.24;999;0.28;-0.9;0.02;0.7;0.03;25;0.09;5.86
554;Rain;0.88;C17 wet;SkidPad;5.49;1004;0.23;-0.2;0.2;0.7;0.09;29;0.15;7.04
555;Clear;0.36;C17 slick;SkidPad;5.49;998;0.4;-0.7;0.07;0.7;0.07;24;0.04;6.43
556;Rain;0.61;C17 wet;SkidPad;5.13;996;0.02;-0;0.14;0.6;0.04;26;0.13;6.07
557;Rain;0.65;C17 wet;Acceleratie;2.15;996;0.17;-0.3;0.07;0.8;0.06;32;0;3.1
558;Rain;0.71;C17 wet;SkidPad;5.46;1002;0.39;-0.3;0.1;0.8;0.15;32;0.02;6.83
559;Clear;0.34;C17 slick;Acceleratie;2.08;996;0.18;-0.5;0.04;0.7;0.04;37;0.15;2.83
560;Clear;0.13;C17 slick;Acceleratie;2.22;1005;0.19;-0.6;0.16;0.7;0.09;35;0.19;2.98
561;Rain;0.99;C17 wet;Acceleratie;2.04;997;0.13;-0.5;0.08;0.6;0.18;34;0.09;3.51
562;Clear;0.3;C17 slick;SkidPad;5.37;996;0.13;-0.6;0.07;0.8;0.12;38;0.18;6.17
563;Rain;0.96;C17 wet;SkidPad;5.47;1003;0.28;-0;0.2;0.6;0.09;22;0.12;7.12
564;Clear;0.07;C17 slick;SkidPad;5.02;1000;0.4;-0.3;0.14;0.7;0.03;34;0.12;5.78
565;Rain;0.81;C17 wet;SkidPad;5.45;1005;0.33;-0.4;0.13;0.7;0.09;31;0.09;6.9
566;Clear;0.11;C17 slick;Acceleratie;2.13;996;0.18;-0.4;0.08;0.6;0.19;38;0.11;2.8
567;Rain;0.57;C17 wet;Acceleratie;2.15;995;0.18;-0.5;0.07;0.6;0.19;32;0.01;3.17
568;Rain;0.98;C17 wet;SkidPad;5.48;997;0.12;-0.7;0.05;0.8;0.14;28;0.12;6.89
569;Clear;0.46;C17 slick;Acceleratie;2.03;1003;0.18;-0.5;0.02;0.8;0.07;29;0.04;2.8
570;Clear;0.14;C17 slick;SkidPad;5.31;1001;0.29;-0.1;0.13;0.8;0.2;37;0.19;6.26
571;Clear;0.33;C17 slick;SkidPad;5.09;996;0.15;-0.4;0.13;0.6;0.04;21;0.09;5.83
572;Clear;0.42;C17 slick;SkidPad;5.41;1002;0.32;-0.4;0.17;0.7;0.01;35;0.13;6.46
573;Clear;0.31;C17 slick;SkidPad;5.3;1000;0.36;-0.8;0.06;0.7;0.01;38;0.12;6.16
574;Clear;0.23;C17 slick;SkidPad;5.31;1003;0.4;-0;0.19;0.8;0.13;27;0.05;6.31
575;Clear;0.4;C17 slick;SkidPad;5.13;1005;0.25;-0.8;0.02;0.7;0;24;0.07;5.87
576;Rain;0.8;C17 wet;SkidPad;5.09;1000;0.21;-0;0.2;0.6;0.08;39;0.04;6.42
577;Clear;0.04;C17 slick;Acceleratie;2.28;1000;0.04;-0.3;0.1;0.6;0.12;30;0.05;2.63
578;Rain;0.82;C17 wet;Acceleratie;2.29;1003;0.11;-0.5;0.09;0.6;0.19;28;0.19;3.69
579;Rain;0.53;C17 wet;SkidPad;5.03;1003;0.27;-0.8;0;0.7;0;20;0.12;5.95
580;Rain;0.72;C17 wet;Acceleratie;2.23;1001;0.05;-0.6;0.16;0.7;0.04;30;0.17;3.37
581;Rain;0.91;C17 wet;SkidPad;5.22;1003;0.39;-0.9;0.07;0.6;0.04;24;0.19;6.82
582;Rain;0.76;C17 wet;SkidPad;5.24;998;0.37;-0.7;0.09;0.7;0.02;36;0.09;6.57
583;Clear;0.45;C17 slick;SkidPad;5.26;995;0.16;-0.5;0.18;0.7;0.01;30;0.07;6.13
584;Rain;0.77;C17 wet;SkidPad;5.21;999;0.37;-0.3;0.17;0.8;0.17;30;0.16;6.85
585;Clear;0.35;C17 slick;Acceleratie;2.16;996;0.14;-0.5;0.07;0.6;0.2;31;0.17;3.09
586;Clear;0.1;C17 slick;SkidPad;5.19;1004;0.37;-1;0.06;0.7;0.1;40;0.14;5.96
587;Clear;0.31;C17 slick;SkidPad;5.24;996;0.09;-0.7;0.1;0.6;0;28;0.01;5.75
588;Clear;0.45;C17 slick;Acceleratie;2.17;998;0.06;-0.2;0.07;0.6;0.15;40;0.18;3.08
589;Clear;0.08;C17 slick;SkidPad;5.48;1005;0.21;-0.1;0.14;0.7;0.07;30;0.02;6
590;Clear;0.19;C17 slick;SkidPad;5.24;1000;0.25;-0.6;0.03;0.8;0.14;36;0.11;5.96
591;Rain;0.87;C17 wet;SkidPad;5.13;1001;0.36;-0.1;0.16;0.7;0.06;29;0.17;6.75
592;Clear;0.16;C17 slick;SkidPad;5.24;1000;0.26;-0.8;0.06;0.8;0.14;38;0.11;5.97
593;Clear;0.06;C17 slick;Acceleratie;2.23;1002;0.01;-0.1;0.03;0.7;0.02;35;0.19;2.54
594;Rain;0.83;C17 wet;Acceleratie;2.07;995;0.14;-0.9;0.16;0.7;0.02;32;0.03;3.25
595;Clear;0.41;C17 slick;Acceleratie;2.17;995;0.17;-0.9;0.2;0.8;0.03;39;0.11;3.09
596;Rain;0.69;C17 wet;SkidPad;5.46;996;0.15;-0.3;0.15;0.6;0.01;20;0.2;6.66
597;Rain;0.8;C17 wet;SkidPad;5.04;997;0.12;-0;0.11;0.7;0.09;34;0.06;6.22
598;Clear;0.3;C17 slick;SkidPad;5.16;998;0.38;-1;0.03;0.7;0.03;20;0.03;5.93
599;Clear;0.05;C17 slick;SkidPad;5.33;1001;0.32;-0.7;0.07;0.7;0.02;31;0.12;5.91
600;Clear;0.02;C17 slick;SkidPad;5.39;1001;0.3;-0.2;0.17;0.8;0.16;39;0.19;6.23
601;Rain;0.74;C17 wet;SkidPad;5.1;1005;0.34;-0.9;0.05;0.6;0.03;25;0.15;6.41
602;Clear;0.48;C17 slick;SkidPad;5.05;1000;0.34;-0.6;0.03;0.8;0.11;38;0.14;6.15
603;Clear;0.35;C17 slick;SkidPad;5.05;1001;0.33;-0.3;0.14;0.8;0.16;24;0.09;6.12
604;Rain;0.8;C17 wet;SkidPad;5.16;1002;0.38;-0.3;0.17;0.8;0.18;40;0.02;6.71
605;Rain;0.99;C17 wet;Acceleratie;2.1;1005;0.14;-0.3;0.09;0.8;0.05;30;0.15;3.52
606;Rain;0.7;C17 wet;Acceleratie;2.26;998;0.05;-0.6;0.16;0.7;0.02;27;0.15;3.34
607;Clear;0.33;C17 slick;SkidPad;5.16;1000;0.27;-0.3;0.13;0.6;0.08;20;0.07;6.04
608;Rain;0.79;C17 wet;SkidPad;5.46;999;0.22;-0.1;0.19;0.7;0.07;35;0.01;6.74
609;Clear;0.01;C17 slick;SkidPad;5.09;997;0.11;-0.5;0.19;0.6;0.05;34;0.12;5.57
610;Rain;0.54;C17 wet;Acceleratie;2.24;999;0.08;-0.6;0.15;0.7;0.09;33;0.01;3.11
611;Rain;0.56;C17 wet;SkidPad;5.29;999;0.37;-0.3;0.19;0.7;0.02;38;0.02;6.45
612;Clear;0.38;C17 slick;Acceleratie;2.26;1004;0.19;-0.2;0.01;0.8;0.03;32;0.12;2.99
613;Rain;0.82;C17 wet;SkidPad;5.17;1000;0.28;-0.4;0.12;0.8;0.18;39;0.09;6.66
614;Clear;0.36;C17 slick;SkidPad;5.05;998;0.38;-0.5;0.17;0.6;0.04;20;0.03;6.03
615;Rain;0.91;C17 wet;SkidPad;5.18;1005;0.33;-0.6;0.05;0.7;0.01;40;0.05;6.53
616;Rain;0.71;C17 wet;SkidPad;5.04;1002;0.3;-0.5;0.15;0.8;0.12;40;0.07;6.39
617;Clear;0.47;C17 slick;SkidPad;5.25;1002;0.24;-0.4;0.14;0.7;0.06;25;0.06;6.22
618;Clear;0.16;C17 slick;Acceleratie;2.29;1002;0.03;-0.5;0.01;0.6;0.16;37;0.13;2.78
619;Rain;0.53;C17 wet;SkidPad;5.38;1005;0.28;-0.6;0.05;0.7;0.05;34;0.09;6.38
620;Clear;0.26;C17 slick;Acceleratie;2.02;1001;0.04;-0.2;0;0.8;0.05;22;0.06;2.43
621;Rain;0.56;C17 wet;Acceleratie;2.15;995;0.15;-0.4;0.09;0.7;0.04;24;0.17;3.16
622;Clear;0.14;C17 slick;Acceleratie;2.07;1004;0.14;-0.5;0.08;0.8;0.07;23;0.03;2.53
623;Clear;0.2;C17 slick;SkidPad;5.3;1004;0.39;-0.5;0.11;0.6;0.03;32;0.14;6.17
624;Rain;0.62;C17 wet;Acceleratie;2.11;1002;0.05;-1;0.18;0.7;0.04;33;0.02;3.02
625;Rain;0.94;C17 wet;SkidPad;5.48;998;0.29;-0.8;0.08;0.7;0.08;34;0.01;6.88
626;Clear;0;C17 slick;SkidPad;5.18;1002;0.34;-0.7;0.08;0.6;0.02;20;0.01;5.63
627;Rain;0.8;C17 wet;Acceleratie;2.03;997;0.12;-0.7;0.11;0.7;0.06;22;0.13;3.25
628;Clear;0.17;C17 slick;Acceleratie;2.01;1003;0.2;-0.8;0.12;0.7;0.02;32;0.13;2.65
629;Clear;0.41;C17 slick;SkidPad;5.47;1004;0.29;-0.2;0.12;0.6;0.06;26;0.04;6.39
630;Rain;0.79;C17 wet;Acceleratie;2.08;1005;0.14;-0.1;0.02;0.6;0.14;40;0.02;3.19
631;Clear;0;C17 slick;SkidPad;5.01;1001;0.36;-0.8;0.07;0.7;0.06;25;0;5.5
632;Clear;0.36;C17 slick;SkidPad;5.3;1000;0.31;-0.3;0.15;0.7;0.03;28;0.02;6.17
633;Rain;0.51;C17 wet;Acceleratie;2.02;995;0.11;-0.9;0.12;0.7;0.08;29;0.11;2.95
634;Clear;0.5;C17 slick;Acceleratie;2.25;1004;0.12;-0;0.07;0.7;0.08;31;0.18;3.2
635;Rain;0.73;C17 wet;Acceleratie;2.22;997;0.13;-1;0.13;0.8;0.08;23;0.14;3.43
636;Rain;0.91;C17 wet;SkidPad;5.28;1002;0.25;-0.5;0.18;0.6;0.08;28;0.12;6.82
637;Clear;0.01;C17 slick;SkidPad;5.18;1000;0.29;-0.8;0.08;0.8;0.18;25;0.05;5.79
638;Clear;0.32;C17 slick;SkidPad;5.42;1005;0.38;-0.6;0.05;0.7;0.04;32;0.1;6.31
639;Rain;0.69;C17 wet;SkidPad;5.3;998;0.34;-0.6;0.07;0.6;0.05;28;0.11;6.56
640;Rain;0.76;C17 wet;Acceleratie;2.02;1001;0.1;-0.1;0.01;0.8;0.06;34;0.08;3.03
641;Clear;0.17;C17 slick;Acceleratie;2.02;1000;0.04;-0.9;0.17;0.7;0.08;27;0.06;2.54
642;Rain;0.87;C17 wet;SkidPad;5.08;995;0.19;-0.8;0.09;0.8;0.16;32;0.09;6.48
643;Rain;0.76;C17 wet;Acceleratie;2.14;998;0.09;-0.3;0.05;0.6;0.2;28;0.17;3.41
644;Clear;0.07;C17 slick;Acceleratie;2.06;996;0.16;-0.2;0.05;0.8;0.04;38;0.17;2.55
645;Rain;0.53;C17 wet;Acceleratie;2.3;998;0.05;-0.7;0.19;0.8;0.05;38;0.04;3.16
646;Clear;0.31;C17 slick;SkidPad;5.5;995;0.11;-0.5;0.17;0.7;0.02;24;0.08;6.19
647;Rain;0.65;C17 wet;SkidPad;5.08;1005;0.28;-0.5;0.1;0.7;0.06;37;0.06;6.23
648;Rain;0.96;C17 wet;SkidPad;5;1000;0.3;-0.9;0.1;0.7;0.06;36;0.05;6.47
649;Rain;0.71;C17 wet;SkidPad;5.1;1002;0.3;-0.7;0.03;0.8;0.12;29;0.13;6.39
650;Rain;0.67;C17 wet;Acceleratie;2.26;1002;0.03;-0.4;0.02;0.8;0.02;21;0.11;3.11
651;Clear;0.3;C17 slick;Acceleratie;2.08;998;0.03;-0.7;0.16;0.7;0.1;29;0.07;2.74
652;Clear;0.01;C17 slick;SkidPad;5.06;997;0.06;-0.4;0.18;0.7;0.07;28;0.1;5.48
653;Rain;0.64;C17 wet;SkidPad;5.39;1000;0.23;-0.5;0.18;0.7;0.04;24;0.17;6.65
654;Clear;0.18;C17 slick;Acceleratie;2.04;998;0.05;-0.4;0.07;0.6;0.12;23;0.03;2.49
655;Rain;0.78;C17 wet;Acceleratie;2.27;995;0.12;-0.1;0.06;0.7;0.09;40;0.09;3.41
656;Rain;0.59;C17 wet;Acceleratie;2.2;1001;0.07;-0.7;0.12;0.7;0.08;21;0.14;3.2
657;Rain;0.69;C17 wet;SkidPad;5.28;997;0.2;-0.8;0.06;0.7;0.07;36;0;6.3
658;Rain;0.54;C17 wet;Acceleratie;2.04;1003;0.13;-0.4;0.03;0.7;0.04;26;0.18;2.96
659;Clear;0.06;C17 slick;SkidPad;5.36;997;0.08;-0.2;0.18;0.8;0.19;37;0.2;6.07
660;Clear;0.23;C17 slick;SkidPad;5.21;1000;0.26;-0.8;0.05;0.7;0.02;36;0.17;5.94
661;Clear;0.24;C17 slick;Acceleratie;2.14;1001;0.02;-0.8;0.19;0.7;0.08;33;0.2;2.87
662;Clear;0.25;C17 slick;Acceleratie;2.13;998;0;-0.3;0.1;0.7;0.1;39;0.11;2.69
663;Clear;0.49;C17 slick;Acceleratie;2.25;1000;0.02;-0.6;0.13;0.6;0.11;23;0.07;3.07
664;Clear;0.14;C17 slick;SkidPad;5.14;999;0.35;-0.1;0.18;0.8;0.15;25;0.02;5.98
665;Rain;0.87;C17 wet;Acceleratie;2.16;1004;0.12;-0.5;0.02;0.6;0.2;36;0.09;3.46
666;Rain;0.7;C17 wet;SkidPad;5.17;1002;0.36;-0.5;0.12;0.8;0.1;28;0.11;6.56
667;Clear;0.07;C17 slick;SkidPad;5.39;1000;0.38;-0.3;0.2;0.7;0.07;28;0;6.11
668;Rain;0.72;C17 wet;Acceleratie;2.02;1005;0.15;-0.9;0.15;0.6;0.13;20;0.11;3.28
669;Rain;0.82;C17 wet;SkidPad;5.05;1000;0.21;-0.4;0.13;0.7;0.06;26;0.11;6.38
670;Rain;0.76;C17 wet;Acceleratie;2.28;1000;0.01;-0.4;0.09;0.8;0.08;36;0.03;3.25
671;Rain;0.8;C17 wet;Acceleratie;2.12;1003;0.18;-0.2;0.08;0.7;0.08;33;0.02;3.28
672;Rain;0.91;C17 wet;Acceleratie;2.25;1004;0.14;-0.7;0.14;0.7;0.08;22;0.17;3.69
673;Clear;0.06;C17 slick;Acceleratie;2.21;1005;0.17;-0.8;0.12;0.8;0.06;33;0.13;2.75
674;Clear;0.04;C17 slick;SkidPad;5.21;997;0.16;-0.6;0.09;0.8;0.19;21;0.06;5.75
675;Clear;0.43;C17 slick;Acceleratie;2.29;1003;0.12;-0.9;0.13;0.8;0.04;27;0.04;3.05
676;Rain;0.8;C17 wet;SkidPad;5.31;1001;0.22;-0.9;0.08;0.7;0.02;24;0.11;6.54
677;Clear;0.08;C17 slick;Acceleratie;2.24;997;0.15;-0.3;0.02;0.8;0.1;35;0.13;2.72
678;Rain;0.72;C17 wet;Acceleratie;2.29;1003;0.15;-0.8;0.11;0.7;0.06;30;0.18;3.51
679;Clear;0.43;C17 slick;Acceleratie;2.08;1000;0.07;-0.7;0.14;0.6;0.17;32;0.11;3
680;Clear;0.07;C17 slick;SkidPad;5.43;1005;0.26;-0.6;0.06;0.7;0.08;23;0.03;5.93
681;Clear;0.01;C17 slick;SkidPad;5.1;999;0.38;-0.3;0.2;0.7;0.08;20;0.02;5.79
682;Clear;0.17;C17 slick;SkidPad;5.1;997;0.06;-0.5;0.15;0.7;0.07;30;0.05;5.6
683;Rain;0.59;C17 wet;SkidPad;5.37;996;0.05;-0.9;0.03;0.6;0.04;32;0.07;6.15
684;Rain;0.99;C17 wet;Acceleratie;2.08;1001;0.01;-0.4;0.07;0.7;0.01;39;0.02;3.18
685;Clear;0.04;C17 slick;Acceleratie;2.21;997;0.16;-0.8;0.11;0.6;0.14;40;0.15;2.81
686;Clear;0.41;C17 slick;SkidPad;5.18;1001;0.21;-0.5;0.19;0.7;0.09;26;0.06;6.14
687;Clear;0.1;C17 slick;SkidPad;5.19;1005;0.26;-0.6;0.03;0.7;0.02;22;0.03;5.63
688;Rain;0.73;C17 wet;SkidPad;5.16;996;0.19;-0.6;0.09;0.8;0.16;31;0.06;6.39
689;Clear;0.46;C17 slick;SkidPad;5.2;997;0.03;-0.4;0.16;0.6;0.09;34;0.1;6.04
690;Rain;0.88;C17 wet;SkidPad;5.36;1005;0.21;-0.3;0.1;0.7;0.07;23;0.2;6.82
691;Rain;0.83;C17 wet;SkidPad;5.13;1005;0.35;-0.9;0.04;0.7;0.04;33;0.08;6.47
692;Clear;0.38;C17 slick;SkidPad;5.5;1002;0.32;-0.8;0.05;0.6;0.06;23;0.04;6.35
693;Rain;0.81;C17 wet;Acceleratie;2.24;998;0.04;-0.4;0.01;0.8;0.04;33;0.1;3.24
694;Rain;0.71;C17 wet;SkidPad;5.22;1000;0.21;-1;0.07;0.7;0.01;20;0.16;6.38
695;Rain;0.81;C17 wet;Acceleratie;2.29;999;0.09;-0.7;0.14;0.8;0.06;29;0.11;3.5
696;Rain;0.63;C17 wet;SkidPad;5.35;999;0.25;-0.3;0.15;0.8;0.15;40;0.04;6.57
697;Clear;0.26;C17 slick;SkidPad;5.37;998;0.32;-0.2;0.18;0.7;0.05;37;0.14;6.32
698;Clear;0.17;C17 slick;SkidPad;5.22;1005;0.38;-0.3;0.11;0.7;0.04;22;0.05;5.97
699;Clear;0.35;C17 slick;Acceleratie;2.02;1004;0.11;-0.4;0.01;0.8;0.03;21;0.02;2.54
700;Clear;0.33;C17 slick;SkidPad;5.19;1002;0.31;-1;0.1;0.7;0.08;22;0.07;6.08
701;Clear;0.04;C17 slick;Acceleratie;2.09;1005;0.18;-0.5;0.09;0.8;0.06;37;0.19;2.65
702;Rain;0.97;C17 wet;Acceleratie;2.13;1000;0.04;-0.5;0.07;0.7;0.09;26;0.15;3.45
703;Clear;0.47;C17 slick;SkidPad;5.28;1003;0.22;-1;0.04;0.8;0.13;24;0.06;6.2
704;Rain;0.56;C17 wet;Acceleratie;2.24;999;0.09;-0.2;0.08;0.7;0.09;30;0.15;3.21
705;Clear;0.39;C17 slick;Acceleratie;2.2;996;0.13;-0.7;0.19;0.6;0.18;24;0.07;3.16
706;Clear;0.3;C17 slick;Acceleratie;2.08;998;0.09;-0;0.01;0.8;0.03;29;0.07;2.58
707;Clear;0.07;C17 slick;SkidPad;5.47;995;0.11;-0.4;0.17;0.7;0.07;25;0.02;5.91
708;Rain;0.8;C17 wet;Acceleratie;2.24;996;0.12;-0.3;0.02;0.7;0.02;34;0.06;3.26
709;Clear;0.27;C17 slick;Acceleratie;2.09;999;0.05;-0.3;0.03;0.8;0.06;34;0.18;2.68
710;Rain;0.51;C17 wet;Acceleratie;2.28;997;0.11;-0.2;0.03;0.6;0.15;23;0.13;3.21
711;Clear;0.24;C17 slick;SkidPad;5.47;997;0.16;-1;0.04;0.6;0.04;35;0.13;6.08
712;Clear;0.3;C17 slick;SkidPad;5.33;1005;0.34;-0.5;0.14;0.7;0.04;32;0.1;6.25
713;Clear;0.25;C17 slick;Acceleratie;2.18;996;0.15;-0.3;0.09;0.8;0.08;32;0.18;2.93
714;Clear;0.26;C17 slick;SkidPad;5.33;996;0.16;-0.2;0.12;0.6;0.02;33;0.16;6.05
715;Rain;0.57;C17 wet;SkidPad;5.39;999;0.28;-0.5;0.18;0.8;0.19;38;0.01;6.62
716;Rain;0.73;C17 wet;SkidPad;5.49;1002;0.32;-0.8;0.02;0.6;0.08;38;0.04;6.68
717;Rain;0.66;C17 wet;Acceleratie;2.25;997;0.18;-0.8;0.13;0.7;0.04;26;0.12;3.38
718;Rain;0.63;C17 wet;SkidPad;5.03;999;0.23;-0.8;0.07;0.7;0.08;32;0.09;6.13
719;Rain;0.77;C17 wet;Acceleratie;2.23;999;0.03;-0.6;0.12;0.7;0.04;26;0.11;3.3
720;Clear;0.46;C17 slick;Acceleratie;2.22;1002;0.08;-0.9;0.13;0.7;0.07;32;0.18;3.14
721;Clear;0.38;C17 slick;SkidPad;5.49;1003;0.28;-0.6;0.05;0.7;0.08;25;0.1;6.38
722;Clear;0.19;C17 slick;Acceleratie;2.08;1003;0.11;-0.5;0.08;0.7;0.05;40;0.17;2.68
723;Clear;0.33;C17 slick;Acceleratie;2.13;996;0.15;-0.5;0.05;0.8;0.1;31;0.19;2.95
724;Clear;0.21;C17 slick;SkidPad;5.17;998;0.31;-0.4;0.11;0.7;0.01;21;0.07;5.88
725;Clear;0.07;C17 slick;SkidPad;5.05;997;0.03;-0.2;0.18;0.7;0.09;33;0.15;5.57
726;Rain;0.58;C17 wet;SkidPad;5.41;997;0.09;-0.5;0.18;0.8;0.17;20;0.12;6.55
727;Rain;0.65;C17 wet;SkidPad;5;1004;0.27;-0.7;0.09;0.7;0.07;36;0.04;6.12
728;Clear;0.05;C17 slick;Acceleratie;2.02;1004;0.13;-0.8;0.15;0.7;0.01;22;0.06;2.42
729;Clear;0.45;C17 slick;Acceleratie;2.2;999;0.02;-0.3;0.01;0.6;0.19;31;0.13;3
730;Rain;0.79;C17 wet;Acceleratie;2.26;1002;0.01;-0.9;0.12;0.8;0.03;40;0.02;3.23
731;Clear;0.1;C17 slick;Acceleratie;2.07;1003;0.18;-0.5;0;0.6;0.14;27;0.08;2.57
732;Clear;0.32;C17 slick;SkidPad;5.18;1000;0.22;-0.7;0;0.6;0.01;23;0.05;5.78
733;Clear;0.44;C17 slick;SkidPad;5.48;995;0.15;-0.4;0.12;0.7;0.08;33;0.16;6.43
734;Rain;1;C17 wet;SkidPad;5.05;998;0.31;-0.8;0.09;0.7;0.05;34;0.02;6.52
735;Clear;0.23;C17 slick;SkidPad;5.27;1003;0.21;-0.5;0.18;0.6;0.08;32;0.12;6.09
736;Rain;0.8;C17 wet;Acceleratie;2.18;999;0.07;-0.5;0.06;0.8;0.07;38;0.09;3.27
737;Rain;0.87;C17 wet;Acceleratie;2.02;1004;0.13;-0.2;0.05;0.7;0.09;21;0.14;3.3
738;Rain;0.75;C17 wet;SkidPad;5.21;1004;0.29;-0.6;0.09;0.7;0.07;32;0.01;6.42
739;Clear;0.47;C17 slick;SkidPad;5.27;995;0.01;-0.6;0.02;0.7;0.08;29;0.09;5.94
740;Clear;0.4;C17 slick;Acceleratie;2.02;1000;0.08;-0.6;0.17;0.6;0.19;24;0.09;2.95
741;Clear;0.13;C17 slick;Acceleratie;2.2;998;0.07;-0;0.08;0.7;0.02;33;0.18;2.68
742;Rain;0.72;C17 wet;Acceleratie;2.01;1004;0.14;-0.9;0.11;0.8;0;31;0.07;3.05
743;Rain;0.66;C17 wet;Acceleratie;2.1;1000;0.06;-0;0.07;0.7;0.05;25;0.1;3.04
744;Rain;0.99;C17 wet;Acceleratie;2.07;997;0.16;-0.2;0.01;0.6;0.15;40;0.04;3.42
745;Clear;0.46;C17 slick;Acceleratie;2.07;998;0.07;-0.6;0.1;0.8;0;30;0.06;2.76
746;Rain;0.54;C17 wet;SkidPad;5.13;1001;0.32;-0.3;0.17;0.7;0.08;32;0.01;6.25
747;Rain;0.7;C17 wet;Acceleratie;2.12;1004;0.19;-0.8;0.13;0.7;0.07;26;0.18;3.39
748;Clear;0.2;C17 slick;SkidPad;5.18;999;0.28;-0.4;0.13;0.7;0.04;30;0.09;5.92
749;Rain;0.68;C17 wet;Acceleratie;2.19;998;0.07;-0.4;0.07;0.7;0.07;30;0.17;3.25
750;Clear;0.4;C17 slick;Acceleratie;2.15;1003;0.14;-0.7;0.19;0.8;0.05;39;0.15;3.08
751;Clear;0.39;C17 slick;Acceleratie;2.09;1002;0.05;-0.2;0.03;0.6;0.11;38;0.13;2.8
752;Rain;0.98;C17 wet;SkidPad;5.39;998;0.39;-0.3;0.16;0.6;0.04;34;0.05;7.01
753;Rain;0.65;C17 wet;SkidPad;5.04;996;0.16;-0.4;0.13;0.8;0.15;26;0.17;6.3
754;Clear;0.18;C17 slick;Acceleratie;2.2;1005;0.17;-0.8;0.16;0.6;0.1;27;0.05;2.86
755;Clear;0.4;C17 slick;Acceleratie;2.12;997;0.18;-0.2;0.08;0.7;0.01;37;0.13;2.92
756;Clear;0.44;C17 slick;Acceleratie;2.16;996;0.14;-0.9;0.11;0.8;0.03;39;0.19;3.07
757;Rain;0.82;C17 wet;SkidPad;5.04;1001;0.34;-0.5;0.19;0.6;0.05;32;0.05;6.49
758;Rain;0.73;C17 wet;SkidPad;5.18;1003;0.36;-0.2;0.18;0.7;0.1;40;0.02;6.57
759;Clear;0.06;C17 slick;SkidPad;5.35;996;0.16;-0.7;0.06;0.7;0.05;35;0.18;5.86
760;Rain;0.79;C17 wet;Acceleratie;2.07;996;0.13;-0.2;0.03;0.7;0.06;23;0.16;3.24
761;Rain;0.95;C17 wet;Acceleratie;2.18;1000;0.02;-0.5;0.08;0.6;0.11;21;0.19;3.53
762;Clear;0.1;C17 slick;Acceleratie;2.04;1004;0.12;-0.9;0.2;0.6;0.15;27;0.03;2.64
763;Rain;0.92;C17 wet;Acceleratie;2.28;999;0.09;-0.1;0.05;0.7;0.08;34;0.03;3.45
764;Clear;0.41;C17 slick;Acceleratie;2.02;1004;0.13;-0.4;0.03;0.6;0.14;29;0.04;2.77
765;Clear;0.29;C17 slick;Acceleratie;2.24;1005;0.13;-0.8;0.14;0.6;0.14;38;0.17;3.11
766;Clear;0.23;C17 slick;SkidPad;5.37;998;0.38;-0.4;0.17;0.7;0.05;25;0.07;6.27
767;Rain;0.57;C17 wet;Acceleratie;2.19;1003;0.16;-0.3;0.09;0.7;0.01;32;0.1;3.12
768;Clear;0.01;C17 slick;Acceleratie;2.01;1004;0.17;-0.2;0.04;0.7;0.09;39;0.2;2.52
769;Rain;0.67;C17 wet;SkidPad;5.02;1000;0.36;-0.7;0.01;0.7;0.06;26;0.15;6.27
770;Clear;0.36;C17 slick;SkidPad;5.35;1000;0.39;-0.9;0.04;0.7;0.07;37;0.16;6.37
771;Rain;1;C17 wet;SkidPad;5;995;0.04;-1;0.05;0.8;0.11;25;0.17;6.37
772;Clear;0.24;C17 slick;Acceleratie;2;1005;0.13;-0.9;0.17;0.7;0.09;21;0.08;2.71
773;Clear;0.45;C17 slick;SkidPad;5.48;999;0.39;-0.7;0.03;0.7;0.01;27;0.02;6.38
774;Clear;0.45;C17 slick;Acceleratie;2.17;1005;0.18;-0.7;0.16;0.7;0.09;24;0.08;3.13
775;Clear;0.27;C17 slick;SkidPad;5.05;1004;0.36;-0.9;0.05;0.7;0.08;28;0.04;5.85
776;Clear;0.07;C17 slick;Acceleratie;2.18;1001;0.06;-0.7;0.1;0.8;0.03;31;0.19;2.63
777;Clear;0.33;C17 slick;Acceleratie;2.08;1004;0.14;-0;0.04;0.6;0.19;25;0.01;2.79
778;Clear;0.17;C17 slick;Acceleratie;2.01;996;0.14;-0.8;0.14;0.6;0.14;36;0.2;2.8
779;Clear;0.1;C17 slick;SkidPad;5.25;1002;0.25;-0.1;0.13;0.6;0.09;22;0.05;5.87
780;Rain;0.96;C17 wet;SkidPad;5.27;998;0.38;-0.8;0.02;0.6;0.01;30;0.11;6.75
781;Rain;0.85;C17 wet;Acceleratie;2.19;1005;0.15;-0;0.04;0.7;0.07;23;0.11;3.41
782;Rain;0.79;C17 wet;Acceleratie;2.19;1001;0.05;-0.4;0.05;0.6;0.17;36;0.09;3.34
783;Clear;0.37;C17 slick;Acceleratie;2.23;996;0.13;-0.9;0.14;0.7;0.02;29;0.06;2.95
784;Rain;0.71;C17 wet;SkidPad;5.39;995;0.16;-0.9;0.01;0.7;0.08;22;0.12;6.47
785;Clear;0.39;C17 slick;Acceleratie;2.16;999;0.02;-0.8;0.13;0.8;0.01;20;0.06;2.77
786;Clear;0.01;C17 slick;SkidPad;5.41;1002;0.34;-0.9;0.04;0.7;0.07;31;0.18;6.05
787;Clear;0.25;C17 slick;SkidPad;5.25;1002;0.38;-0.4;0.15;0.7;0.02;27;0.05;6.1
788;Rain;0.71;C17 wet;Acceleratie;2.23;995;0.12;-0.8;0.16;0.6;0.15;39;0.02;3.39
789;Rain;0.65;C17 wet;Acceleratie;2.16;998;0.04;-0.3;0.03;0.8;0.06;35;0.09;3.03
790;Rain;0.97;C17 wet;Acceleratie;2.28;997;0.15;-0.5;0.03;0.7;0.06;33;0.04;3.53
791;Clear;0.3;C17 slick;Acceleratie;2.13;997;0.19;-0.2;0.02;0.8;0.08;32;0.15;2.87
792;Rain;0.9;C17 wet;Acceleratie;2.22;999;0.07;-0.7;0.19;0.7;0.05;23;0.16;3.59
793;Clear;0.24;C17 slick;Acceleratie;2.27;1005;0.16;-0.5;0.08;0.6;0.19;23;0.1;3.04
794;Rain;0.9;C17 wet;SkidPad;5.29;1003;0.35;-0.7;0.05;0.7;0.02;26;0.19;6.8
795;Rain;0.53;C17 wet;SkidPad;5.41;997;0.14;-0.6;0.07;0.8;0.16;24;0.2;6.51
796;Clear;0.47;C17 slick;Acceleratie;2.28;1004;0.2;-0.5;0.04;0.8;0.05;32;0.16;3.2
797;Rain;0.69;C17 wet;SkidPad;5.47;996;0.05;-0.4;0.15;0.6;0.03;24;0.15;6.54
798;Clear;0.3;C17 slick;Acceleratie;2.19;995;0.12;-0.1;0.07;0.8;0.09;24;0.09;2.86
799;Clear;0.49;C17 slick;SkidPad;5.02;999;0.24;-0.7;0.07;0.7;0.05;24;0.1;5.97
800;Clear;0.29;C17 slick;Acceleratie;2.26;1002;0.09;-0.1;0.02;0.7;0.07;30;0.1;2.83
801;Rain;0.83;C17 wet;SkidPad;5.23;1005;0.28;-0.2;0.13;0.7;0.05;27;0.13;6.65
802;Rain;0.82;C17 wet;SkidPad;5.39;1002;0.35;-1;0.07;0.6;0.01;35;0.06;6.7
803;Rain;0.62;C17 wet;SkidPad;5.38;1001;0.29;-0.2;0.13;0.6;0.09;30;0.13;6.64
804;Rain;0.68;C17 wet;Acceleratie;2.16;1005;0.17;-0;0.07;0.8;0.08;40;0.01;3.17
805;Clear;0.13;C17 slick;SkidPad;5.41;1002;0.26;-0.8;0.02;0.7;0.03;22;0.02;5.87
806;Clear;0.39;C17 slick;Acceleratie;2.15;1004;0.18;-0.9;0.12;0.7;0.09;32;0.18;3.11
807;Clear;0.25;C17 slick;SkidPad;5.48;1004;0.39;-0;0.16;0.8;0.1;30;0.04;6.42
808;Clear;0.38;C17 slick;SkidPad;5.12;996;0.1;-0.9;0.09;0.8;0.12;33;0.18;5.99
809;Rain;0.75;C17 wet;SkidPad;5.09;996;0.08;-0.4;0.12;0.6;0.04;20;0.1;6.18
810;Clear;0.46;C17 slick;SkidPad;5.2;1002;0.23;-0.2;0.12;0.7;0.06;23;0.08;6.15
811;Rain;0.58;C17 wet;Acceleratie;2.06;995;0.17;-0.1;0.01;0.7;0;26;0.14;2.96
812;Clear;0.26;C17 slick;SkidPad;5.27;1001;0.38;-0;0.14;0.7;0.07;24;0.03;6.15
813;Rain;0.75;C17 wet;SkidPad;5.2;1005;0.3;-1;0.06;0.8;0.2;34;0.09;6.6
814;Rain;0.84;C17 wet;SkidPad;5.02;1005;0.35;-0.4;0.12;0.7;0.09;25;0.13;6.55
815;Rain;0.8;C17 wet;SkidPad;5.4;1004;0.23;-0.5;0.18;0.8;0.15;30;0.2;6.96
816;Rain;0.84;C17 wet;SkidPad;5.07;995;0.04;-0.3;0.17;0.7;0.04;23;0.19;6.35
817;Clear;0.4;C17 slick;SkidPad;5.48;1004;0.26;-0.6;0.07;0.7;0.05;22;0.02;6.28
818;Rain;0.68;C17 wet;SkidPad;5.26;1005;0.37;-0.8;0.05;0.7;0.06;32;0.01;6.43
819;Clear;0.3;C17 slick;SkidPad;5.09;1000;0.21;-0.7;0.09;0.6;0.06;40;0.11;5.86
820;Clear;0.41;C17 slick;SkidPad;5.21;1002;0.34;-1;0.08;0.8;0.11;28;0.06;6.21
821;Rain;0.88;C17 wet;Acceleratie;2.17;998;0.05;-0.1;0.09;0.7;0.07;37;0.1;3.36
822;Rain;0.75;C17 wet;SkidPad;5.38;1003;0.37;-0.1;0.17;0.8;0.2;30;0.13;7
823;Rain;0.59;C17 wet;SkidPad;5.26;1000;0.36;-0.9;0.01;0.7;0.05;40;0.05;6.32
824;Clear;0.15;C17 slick;SkidPad;5.09;1000;0.3;-0.5;0.16;0.7;0.05;25;0.04;5.79
825;Rain;0.88;C17 wet;SkidPad;5.39;1004;0.39;-0.1;0.19;0.8;0.19;34;0.01;7.05
826;Rain;0.53;C17 wet;SkidPad;5;997;0.01;-0.7;0.08;0.7;0.05;20;0.17;5.84
827;Rain;0.72;C17 wet;SkidPad;5.3;998;0.35;-0.6;0.05;0.7;0.01;23;0.17;6.6
828;Clear;0.13;C17 slick;Acceleratie;2.2;1000;0.03;-0.8;0.11;0.8;0.01;31;0.14;2.62
829;Clear;0.45;C17 slick;SkidPad;5.04;998;0.29;-0.3;0.15;0.7;0.01;23;0.05;5.99
830;Clear;0.14;C17 slick;SkidPad;5.3;999;0.37;-0.5;0.11;0.6;0.09;23;0.03;6.04
831;Clear;0.1;C17 slick;Acceleratie;2.08;1004;0.12;-0.3;0.04;0.7;0.06;30;0.07;2.47
832;Clear;0.12;C17 slick;SkidPad;5.2;995;0.13;-0.2;0.12;0.8;0.11;23;0.02;5.7
833;Clear;0.38;C17 slick;SkidPad;5.17;995;0.06;-0.2;0.14;0.6;0.04;24;0.1;5.89
834;Rain;0.5;C17 wet;SkidPad;5.09;999;0.23;-0.9;0.1;0.6;0.01;32;0.08;6.01
835;Rain;0.69;C17 wet;Acceleratie;2.18;1001;0.07;-0.2;0.08;0.8;0.04;28;0.13;3.19
836;Rain;0.64;C17 wet;Acceleratie;2.27;1002;0.09;-0.7;0.19;0.7;0.01;30;0.12;3.32
837;Rain;0.89;C17 wet;Acceleratie;2.27;1001;0.04;-0.4;0.01;0.6;0.16;39;0.02;3.39
838;Rain;0.69;C17 wet;Acceleratie;2.24;1000;0.04;-0.3;0.07;0.6;0.18;34;0.01;3.23
839;Rain;0.97;C17 wet;SkidPad;5.08;997;0.16;-0.1;0.14;0.8;0.14;40;0.07;6.56
840;Rain;0.7;C17 wet;SkidPad;5.43;996;0.03;-0.9;0;0.7;0.04;22;0.17;6.37
841;Clear;0.25;C17 slick;SkidPad;5.11;998;0.37;-0.2;0.19;0.6;0.01;38;0.14;6.07
842;Clear;0.15;C17 slick;SkidPad;5.32;997;0.18;-1;0.07;0.8;0.19;24;0.02;5.93
843;Clear;0.2;C17 slick;Acceleratie;2.22;1002;0.01;-0.8;0.2;0.6;0.2;35;0.17;3
844;Clear;0.18;C17 slick;Acceleratie;2.09;998;0.06;-0.6;0.16;0.6;0.19;30;0.01;2.69
845;Rain;0.99;C17 wet;SkidPad;5.14;996;0.15;-0;0.2;0.8;0.17;29;0.12;6.77
846;Clear;0.29;C17 slick;SkidPad;5.23;997;0.02;-0.8;0.04;0.7;0.07;25;0.03;5.68
847;Clear;0.5;C17 slick;SkidPad;5.32;998;0.28;-0.2;0.13;0.6;0;35;0.16;6.39
848;Clear;0.14;C17 slick;SkidPad;5.35;1002;0.31;-0.7;0.07;0.8;0.18;29;0;6.05
849;Rain;0.54;C17 wet;Acceleratie;2.17;1005;0.16;-0.9;0.13;0.8;0.01;38;0.09;3.1
850;Clear;0.09;C17 slick;SkidPad;5.11;1004;0.33;-0.3;0.18;0.8;0.18;27;0.1;5.99
851;Rain;0.93;C17 wet;Acceleratie;2.02;997;0.12;-0.6;0.16;0.8;0.1;26;0.14;3.47
852;Clear;0.09;C17 slick;SkidPad;5.14;996;0.1;-0.1;0.14;0.6;0.08;20;0.02;5.57
853;Rain;0.82;C17 wet;Acceleratie;2.16;1002;0.03;-0.8;0.14;0.7;0.06;38;0.04;3.25
854;Rain;0.5;C17 wet;Acceleratie;2.1;998;0.05;-0.9;0.16;0.8;0;37;0.02;2.83
855;Clear;0.09;C17 slick;SkidPad;5.35;997;0.02;-0.2;0.16;0.6;0.03;32;0.11;5.76
856;Rain;0.76;C17 wet;Acceleratie;2.13;1001;0.04;-0.6;0.19;0.7;0.09;28;0.16;3.37
857;Clear;0.33;C17 slick;SkidPad;5.35;1003;0.28;-0.2;0.12;0.7;0.1;35;0.16;6.34
858;Rain;0.68;C17 wet;Acceleratie;2.07;996;0.16;-0.9;0.11;0.7;0.04;36;0.01;3.07
859;Rain;0.83;C17 wet;Acceleratie;2.12;997;0.13;-0.6;0.1;0.8;0.08;22;0.15;3.41
860;Clear;0.26;C17 slick;SkidPad;5.46;1000;0.37;-0.9;0.04;0.7;0;26;0.09;6.22
861;Clear;0.43;C17 slick;Acceleratie;2.25;998;0.06;-0.5;0.02;0.6;0.12;31;0.16;3.04
862;Rain;0.67;C17 wet;SkidPad;5.25;996;0.09;-0.4;0.14;0.7;0.06;38;0.04;6.25
863;Rain;0.93;C17 wet;Acceleratie;2.2;995;0.17;-0.7;0.13;0.7;0.04;25;0.2;3.67
864;Rain;0.57;C17 wet;Acceleratie;2.28;999;0.07;-0;0.06;0.6;0.16;29;0.15;3.29
865;Clear;0.03;C17 slick;Acceleratie;2.06;1001;0.02;-0.5;0.07;0.8;0.06;40;0.18;2.42
866;Clear;0.02;C17 slick;Acceleratie;2.02;998;0.05;-0.2;0.1;0.7;0.04;35;0.16;2.39
867;Clear;0.15;C17 slick;Acceleratie;2.08;998;0.04;-0.4;0.1;0.7;0.06;34;0.16;2.59
868;Rain;0.76;C17 wet;SkidPad;5.34;996;0.08;-0.1;0.19;0.7;0.05;22;0.16;6.58
869;Clear;0.34;C17 slick;Acceleratie;2;999;0.06;-1;0.15;0.8;0.08;24;0.08;2.71
870;Rain;0.77;C17 wet;SkidPad;5.31;1000;0.29;-1;0.02;0.8;0.16;38;0.01;6.56
871;Clear;0.15;C17 slick;SkidPad;5.41;996;0.11;-0.1;0.1;0.7;0.02;35;0.12;5.91
872;Rain;0.81;C17 wet;SkidPad;5.09;999;0.38;-0.9;0.03;0.7;0.07;25;0.13;6.51
873;Clear;0.08;C17 slick;Acceleratie;2.24;1000;0.06;-0.3;0.1;0.7;0.01;23;0.08;2.57
874;Rain;0.6;C17 wet;SkidPad;5.18;999;0.37;-0.5;0.18;0.7;0.02;40;0.01;6.36
875;Clear;0.13;C17 slick;Acceleratie;2.21;1001;0.01;-0.4;0.03;0.7;0.09;22;0.01;2.48
876;Rain;0.8;C17 wet;SkidPad;5.06;996;0.09;-0.2;0.14;0.7;0.09;40;0.05;6.23
877;Clear;0.27;C17 slick;SkidPad;5.4;1001;0.22;-1;0.1;0.8;0.19;39;0.19;6.37
878;Clear;0.38;C17 slick;Acceleratie;2.26;997;0.13;-0.1;0.07;0.7;0.06;38;0.14;3.04
879;Rain;0.54;C17 wet;Acceleratie;2.13;1001;0.01;-0.3;0.02;0.7;0.05;40;0.08;2.83
880;Clear;0.01;C17 slick;SkidPad;5.15;1004;0.26;-1;0.08;0.6;0.03;32;0.15;5.68
881;Clear;0.16;C17 slick;SkidPad;5.42;997;0.11;-0.5;0.17;0.7;0.01;27;0.05;5.92
882;Rain;0.52;C17 wet;Acceleratie;2.16;996;0.17;-0.2;0.07;0.6;0.17;22;0.15;3.24
883;Rain;0.72;C17 wet;Acceleratie;2.25;995;0.2;-0.3;0.03;0.7;0.04;40;0.06;3.3
884;Clear;0.3;C17 slick;SkidPad;5.01;998;0.4;-0.7;0.02;0.6;0.03;25;0.07;5.83
885;Rain;0.52;C17 wet;SkidPad;5.44;1003;0.37;-1;0.07;0.6;0.09;35;0.03;6.52
886;Clear;0.08;C17 slick;Acceleratie;2.01;996;0.11;-0.4;0.04;0.7;0.05;32;0.17;2.46
887;Clear;0.31;C17 slick;SkidPad;5.37;997;0.12;-0.2;0.1;0.7;0.08;39;0.12;6.1
888;Clear;0.09;C17 slick;Acceleratie;2.1;998;0.08;-0.7;0.16;0.6;0.2;32;0.19;2.82
889;Clear;0.39;C17 slick;Acceleratie;2.09;1005;0.16;-0.3;0.02;0.6;0.18;34;0.16;3
890;Rain;0.56;C17 wet;Acceleratie;2.17;1004;0.19;-0.7;0.11;0.7;0;36;0.02;3.05
891;Clear;0.41;C17 slick;SkidPad;5.5;999;0.27;-0.5;0.19;0.6;0.08;34;0.12;6.57
892;Rain;0.61;C17 wet;SkidPad;5.1;1003;0.27;-0.1;0.18;0.6;0.06;22;0.12;6.34
893;Clear;0.3;C17 slick;SkidPad;5.22;995;0.18;-0.1;0.14;0.7;0.04;37;0.19;6.07
894;Clear;0.34;C17 slick;SkidPad;5.47;1005;0.36;-0.7;0.01;0.7;0.02;29;0.06;6.26
895;Rain;0.95;C17 wet;Acceleratie;2.22;999;0.09;-0.5;0.02;0.6;0.11;39;0.06;3.45
896;Rain;0.85;C17 wet;Acceleratie;2.2;999;0.06;-0.4;0.06;0.8;0.03;38;0.08;3.28
897;Clear;0.45;C17 slick;SkidPad;5.05;1003;0.25;-0.3;0.16;0.8;0.13;24;0.07;6.11
898;Clear;0.3;C17 slick;Acceleratie;2.25;1000;0.06;-0.4;0.02;0.8;0.07;22;0.02;2.72
899;Clear;0.47;C17 slick;Acceleratie;2.26;995;0.14;-1;0.13;0.8;0.08;36;0.18;3.26
900;Rain;0.6;C17 wet;Acceleratie;2.26;1004;0.11;-0.1;0.04;0.7;0.05;40;0;3.06
901;Rain;0.81;C17 wet;Acceleratie;2.04;996;0.18;-0.6;0.13;0.7;0.09;25;0.14;3.39
902;Rain;0.8;C17 wet;Acceleratie;2.06;999;0;-0.4;0.1;0.8;0.04;33;0.01;3.01
903;Clear;0.03;C17 slick;Acceleratie;2.18;1005;0.16;-0.8;0.16;0.8;0.02;32;0.19;2.74
904;Rain;0.91;C17 wet;Acceleratie;2.23;1001;0.01;-0.2;0.1;0.8;0.08;30;0.15;3.48
905;Clear;0.32;C17 slick;SkidPad;5.02;997;0.15;-0.2;0.17;0.7;0.09;21;0.08;5.83
906;Clear;0;C17 slick;SkidPad;5.03;1002;0.3;-0.7;0.02;0.6;0.09;21;0.06;5.5
907;Rain;0.79;C17 wet;Acceleratie;2.23;1004;0.14;-0.3;0.04;0.8;0.05;24;0.13;3.38
908;Clear;0.07;C17 slick;SkidPad;5.22;996;0;-0.6;0.06;0.6;0.03;20;0.03;5.41
909;Rain;0.6;C17 wet;SkidPad;5.28;1002;0.39;-0.7;0.08;0.7;0.1;22;0.12;6.57
910;Clear;0.33;C17 slick;SkidPad;5.07;997;0.15;-0.8;0.06;0.7;0.07;22;0.09;5.77
911;Rain;0.82;C17 wet;Acceleratie;2.2;1005;0.2;-0.2;0.1;0.7;0.03;34;0.06;3.41
912;Clear;0.35;C17 slick;Acceleratie;2.08;998;0.01;-0.8;0.15;0.8;0;23;0.07;2.66
913;Rain;0.96;C17 wet;Acceleratie;2.18;1000;0.1;-0.8;0.19;0.6;0.15;28;0.18;3.76
914;Clear;0.41;C17 slick;Acceleratie;2.09;999;0.04;-0.8;0.12;0.8;0.04;40;0.13;2.83
915;Clear;0.16;C17 slick;Acceleratie;2.04;1002;0.08;-0.6;0.12;0.6;0.16;21;0.03;2.59
916;Clear;0.47;C17 slick;SkidPad;5.21;999;0.35;-0.4;0.18;0.7;0.03;27;0.03;6.27
917;Clear;0.12;C17 slick;SkidPad;5.07;1001;0.39;-0.4;0.14;0.6;0.09;30;0;5.81
918;Clear;0.17;C17 slick;SkidPad;5.43;1002;0.33;-0.2;0.13;0.8;0.15;21;0.09;6.3
919;Rain;0.77;C17 wet;SkidPad;5.41;996;0.12;-0.7;0.09;0.7;0.03;22;0.12;6.54
920;Rain;0.59;C17 wet;SkidPad;5.2;1003;0.38;-1;0.03;0.7;0.08;37;0.04;6.32
921;Clear;0.09;C17 slick;Acceleratie;2.27;999;0.09;-0;0.1;0.7;0.05;36;0.19;2.79
922;Rain;0.81;C17 wet;SkidPad;5.18;1005;0.36;-0.7;0.08;0.7;0.06;23;0.1;6.59
923;Rain;0.63;C17 wet;SkidPad;5.41;1002;0.24;-0.8;0;0.7;0.04;24;0.13;6.45
924;Clear;0.19;C17 slick;SkidPad;5.42;995;0.11;-0.6;0.05;0.7;0.03;32;0.18;5.98
925;Rain;0.68;C17 wet;Acceleratie;2.04;995;0.13;-0.2;0.06;0.6;0.11;29;0.11;3.13
926;Clear;0.33;C17 slick;SkidPad;5.06;998;0.23;-0.6;0.05;0.8;0.14;32;0.12;5.93
927;Clear;0.34;C17 slick;Acceleratie;2.07;1004;0.12;-0.8;0.14;0.7;0.08;33;0.11;2.86
928;Rain;0.91;C17 wet;SkidPad;5.2;1003;0.35;-0.3;0.12;0.6;0.08;32;0.09;6.75
929;Rain;0.75;C17 wet;SkidPad;5.43;1000;0.32;-0.8;0.02;0.8;0.16;24;0.16;6.84
930;Clear;0.35;C17 slick;Acceleratie;2.22;999;0.04;-0.2;0.06;0.6;0.14;40;0.12;2.93
931;Clear;0.4;C17 slick;SkidPad;5.15;995;0.11;-0.1;0.15;0.6;0.07;28;0.07;5.95
932;Clear;0.21;C17 slick;SkidPad;5.38;1002;0.22;-0.4;0.13;0.7;0.1;22;0.03;6.07
933;Rain;0.91;C17 wet;SkidPad;5.1;1000;0.29;-0.7;0.02;0.8;0.15;39;0.06;6.53
934;Clear;0.02;C17 slick;Acceleratie;2.19;1003;0.13;-0.5;0.09;0.7;0.01;34;0.16;2.6
935;Rain;0.67;C17 wet;SkidPad;5.07;998;0.4;-0.2;0.13;0.6;0.01;22;0.16;6.44
936;Rain;0.72;C17 wet;Acceleratie;2.15;1005;0.18;-0.3;0.04;0.7;0.08;26;0.11;3.28
937;Clear;0.2;C17 slick;Acceleratie;2.1;1001;0.03;-0.2;0.06;0.6;0.14;33;0.13;2.66
938;Rain;0.64;C17 wet;Acceleratie;2.04;995;0.16;-0.5;0.08;0.8;0.06;34;0.09;3.07
939;Clear;0.44;C17 slick;SkidPad;5.3;1001;0.38;-0.9;0.04;0.7;0.02;38;0.2;6.38
940;Clear;0.45;C17 slick;Acceleratie;2.18;1005;0.12;-0.9;0.14;0.7;0.07;28;0.1;3.06
941;Rain;0.56;C17 wet;Acceleratie;2.12;995;0.11;-0.2;0.04;0.7;0.02;24;0.1;2.95
942;Clear;0.17;C17 slick;Acceleratie;2.16;999;0.07;-0.6;0.12;0.7;0.1;35;0.1;2.72
943;Clear;0.28;C17 slick;Acceleratie;2.08;996;0.16;-1;0.16;0.7;0.02;30;0.01;2.71
944;Clear;0.03;C17 slick;SkidPad;5.1;998;0.26;-0.5;0.13;0.8;0.2;30;0.07;5.79
945;Rain;0.61;C17 wet;Acceleratie;2.2;998;0.02;-0.2;0.08;0.6;0.11;22;0.17;3.19
946;Clear;0.03;C17 slick;SkidPad;5.25;999;0.23;-0.8;0.06;0.7;0.08;22;0;5.65
947;Rain;0.66;C17 wet;SkidPad;5.47;1001;0.21;-0.5;0.15;0.7;0.05;39;0.07;6.61
948;Clear;0.2;C17 slick;Acceleratie;2.04;1000;0.01;-0.7;0.13;0.7;0.01;20;0.08;2.47
949;Clear;0.17;C17 slick;Acceleratie;2.05;1000;0.03;-0.5;0.05;0.6;0.12;27;0.01;2.43
950;Rain;0.67;C17 wet;SkidPad;5.06;1001;0.22;-0.5;0.11;0.7;0.03;37;0.08;6.17
951;Clear;0.42;C17 slick;SkidPad;5.12;1003;0.24;-0.5;0.13;0.6;0.05;30;0.04;6
952;Clear;0.33;C17 slick;Acceleratie;2.06;996;0.17;-0.3;0.06;0.6;0.13;33;0.15;2.9
953;Rain;0.71;C17 wet;SkidPad;5.18;1005;0.27;-0.1;0.11;0.7;0.1;39;0.01;6.38
954;Rain;0.81;C17 wet;Acceleratie;2.14;995;0.15;-0.4;0.08;0.6;0.14;38;0.02;3.34
955;Rain;0.85;C17 wet;SkidPad;5.02;1001;0.28;-0.1;0.19;0.7;0.09;38;0.02;6.45
956;Clear;0.24;C17 slick;Acceleratie;2.26;1003;0.16;-0.8;0.19;0.7;0.01;33;0.18;3.04
957;Rain;0.62;C17 wet;Acceleratie;2.26;1003;0.12;-0.3;0.03;0.7;0.09;20;0.2;3.32
958;Clear;0.14;C17 slick;Acceleratie;2.24;1005;0.2;-0.6;0.17;0.6;0.19;33;0.17;3.11
959;Rain;0.85;C17 wet;SkidPad;5.37;1002;0.28;-0.5;0.15;0.6;0.03;30;0.16;6.84
960;Clear;0.4;C17 slick;Acceleratie;2.16;1003;0.18;-0.9;0.14;0.6;0.2;38;0.1;3.18
961;Rain;0.65;C17 wet;Acceleratie;2.07;1005;0.11;-0.4;0.07;0.7;0.08;21;0.15;3.13
962;Rain;0.65;C17 wet;Acceleratie;2.02;1004;0.19;-0.1;0;0.7;0.01;39;0.02;2.89
963;Rain;0.69;C17 wet;SkidPad;5.21;1003;0.27;-0.8;0.08;0.8;0.11;29;0.17;6.53
964;Rain;0.89;C17 wet;Acceleratie;2.07;995;0.13;-1;0.11;0.7;0.03;28;0.13;3.36
965;Clear;0.05;C17 slick;SkidPad;5.17;1004;0.35;-0.7;0.04;0.7;0.05;40;0.12;5.78
966;Clear;0.16;C17 slick;Acceleratie;2.07;1000;0.08;-0.6;0.19;0.8;0.06;40;0.12;2.68
967;Clear;0.02;C17 slick;SkidPad;5;995;0.19;-0.4;0.17;0.8;0.17;27;0.09;5.64
968;Rain;0.56;C17 wet;SkidPad;5.42;998;0.25;-0.3;0.12;0.8;0.19;29;0.14;6.68
969;Rain;0.97;C17 wet;SkidPad;5.1;1001;0.25;-0.1;0.11;0.6;0.08;29;0.14;6.65
970;Rain;0.57;C17 wet;Acceleratie;2.25;999;0.09;-0.4;0;0.7;0.08;24;0.11;3.1
971;Clear;0.49;C17 slick;SkidPad;5.33;996;0.03;-0.3;0.13;0.6;0.08;37;0.2;6.26
972;Rain;0.9;C17 wet;Acceleratie;2.2;995;0.18;-0.4;0.06;0.8;0.02;30;0.19;3.55
973;Rain;0.64;C17 wet;Acceleratie;2.25;997;0.19;-0.4;0.01;0.7;0.1;31;0.01;3.2
974;Clear;0.04;C17 slick;Acceleratie;2.16;1000;0.02;-1;0.12;0.6;0.2;34;0.11;2.65
975;Rain;0.8;C17 wet;SkidPad;5.03;998;0.25;-0.2;0.11;0.8;0.12;25;0.1;6.41
976;Rain;0.93;C17 wet;Acceleratie;2.1;996;0.14;-0.6;0.12;0.7;0.05;32;0.03;3.37
977;Clear;0.17;C17 slick;SkidPad;5.24;1002;0.21;-0.4;0.14;0.6;0.07;23;0.02;5.85
978;Clear;0.29;C17 slick;SkidPad;5.43;996;0.19;-1;0;0.7;0.09;28;0.08;6.08
979;Rain;0.99;C17 wet;Acceleratie;2.06;997;0.2;-0.5;0.08;0.7;0.09;26;0.11;3.53
980;Clear;0.14;C17 slick;SkidPad;5.28;996;0;-0.6;0.07;0.7;0.06;22;0.09;5.64
981;Clear;0.19;C17 slick;Acceleratie;2.22;1001;0.03;-0.2;0.07;0.7;0.06;24;0.03;2.6
982;Rain;0.62;C17 wet;Acceleratie;2.08;1003;0.16;-0.7;0.1;0.8;0.02;22;0.11;3.09
983;Clear;0.23;C17 slick;SkidPad;5.37;996;0.01;-0.8;0.08;0.7;0.06;39;0.13;5.88
984;Rain;0.76;C17 wet;SkidPad;5.22;996;0.2;-0.4;0.19;0.7;0.04;32;0.09;6.5
985;Rain;0.9;C17 wet;Acceleratie;2.15;1001;0.05;-0;0.04;0.7;0.06;31;0.04;3.24
986;Clear;0.11;C17 slick;SkidPad;5.29;1004;0.36;-1;0.09;0.8;0.14;34;0.12;6.11
987;Clear;0.11;C17 slick;Acceleratie;2.08;998;0.03;-0.8;0.2;0.7;0.02;35;0.2;2.64
988;Rain;0.7;C17 wet;SkidPad;5.1;997;0.17;-0.4;0.12;0.8;0.12;38;0.01;6.22
989;Clear;0.22;C17 slick;SkidPad;5.47;1000;0.21;-0.3;0.16;0.7;0.06;23;0.04;6.16
990;Clear;0.19;C17 slick;Acceleratie;2.28;1002;0.1;-0.5;0.09;0.6;0.14;28;0.09;2.89
991;Clear;0.16;C17 slick;SkidPad;5.01;999;0.32;-0.5;0.16;0.6;0.08;23;0.04;5.77
992;Clear;0.23;C17 slick;Acceleratie;2.07;1005;0.17;-0.6;0.19;0.7;0.08;20;0.08;2.82
993;Clear;0.41;C17 slick;Acceleratie;2.27;1003;0.18;-0.2;0.06;0.6;0.12;27;0.02;3.06
994;Clear;0.07;C17 slick;Acceleratie;2.04;998;0.02;-0.9;0.14;0.7;0.05;38;0.17;2.49
995;Rain;0.82;C17 wet;SkidPad;5.47;1001;0.27;-0.6;0.06;0.8;0.17;38;0.09;6.88
996;Clear;0.01;C17 slick;SkidPad;5.21;995;0.2;-0.5;0.17;0.7;0.05;40;0.16;5.8
997;Rain;0.52;C17 wet;SkidPad;5.38;997;0.05;-0.2;0.19;0.7;0.01;20;0.11;6.26
998;Rain;0.58;C17 wet;SkidPad;5.47;1000;0.39;-0.8;0.07;0.7;0.09;32;0.08;6.68
999;Clear;0.34;C17 slick;SkidPad;5.05;997;0.14;-0.9;0.04;0.6;0.07;20;0.03;5.67
1000;Rain;0.56;C17 wet;Acceleratie;2.26;996;0.13;-0.8;0.19;0.6;0.16;20;0.11;3.41
